source_id,target_id,edge_type_id,edge_weight
2,9,2,0.9
2,10,2,0.9
2,11,2,0.9
2,17,2,0.9
2,19,2,0.9
2,20,2,0.9
2,36,2,0.9
2,56,2,0.9
2,62,2,0.9
2,65,2,0.9
2,66,2,0.9
2,70,2,0.9
2,78,2,0.9
2,84,2,0.9
2,90,2,0.9
2,96,2,0.9
2,97,2,0.9
2,104,2,0.9
2,111,2,0.9
2,116,2,0.9
2,124,2,0.9
2,125,2,0.9
3,56,2,0.9
3,111,2,0.7
9,11,2,0.9
9,19,2,0.9
9,20,2,0.9
9,66,2,0.9
9,70,2,0.9
9,96,2,0.9
9,104,2,0.9
9,111,2,0.9
10,15,2,0.9
10,17,2,0.9
10,19,2,0.9
10,56,2,0.9
10,65,2,0.9
10,66,2,0.9
10,70,2,0.9
10,84,2,0.9
10,104,2,0.9
10,105,2,0.9
10,116,2,0.9
11,13,2,0.9
11,17,2,0.9
11,19,2,0.9
11,20,2,0.9
11,25,2,0.9
11,36,2,0.9
11,41,2,0.9
11,44,2,0.9
11,65,2,0.9
11,66,2,0.9
11,70,2,0.9
11,81,2,0.9
11,84,2,0.9
11,96,2,0.9
11,97,2,0.9
11,104,2,0.9
11,106,2,0.9
11,111,2,0.9
11,116,2,0.9
11,117,2,0.9
11,125,2,0.9
13,19,2,0.9
13,41,2,0.9
13,44,2,0.9
13,66,2,0.9
13,70,2,0.9
13,97,2,0.9
13,104,2,0.9
13,116,2,0.9
13,125,2,0.9
15,19,2,0.9
15,55,2,0.9
15,56,2,0.9
15,66,2,0.9
15,70,2,0.9
15,84,2,0.9
15,97,2,0.9
15,104,2,0.9
15,105,2,0.9
15,108,2,0.9
15,116,2,0.9
15,122,2,0.9
15,125,2,0.9
16,17,2,0.9
16,66,2,0.9
16,70,2,0.9
16,104,2,0.9
17,19,2,0.9
17,20,2,0.9
17,25,2,0.9
17,36,2,0.9
17,41,2,0.9
17,56,2,0.9
17,62,2,0.9
17,65,2,0.9
17,66,2,0.9
17,70,2,0.9
17,84,2,0.9
17,86,2,0.9
17,90,2,0.9
17,97,2,0.9
17,104,2,0.9
17,116,2,0.9
17,117,2,0.9
17,125,2,0.9
19,20,2,0.9
19,25,2,0.9
19,36,2,0.9
19,41,2,0.9
19,44,2,0.9
19,47,2,0.9
19,55,2,0.9
19,56,2,0.9
19,62,2,0.9
19,65,2,0.9
19,66,2,0.9
19,70,2,0.9
19,78,2,0.9
19,81,2,0.9
19,84,2,0.9
19,86,2,0.9
19,90,2,0.9
19,91,2,0.9
19,96,2,0.9
19,97,2,0.9
19,104,2,0.9
19,105,2,0.9
19,106,2,0.9
19,108,2,0.9
19,111,2,0.9
19,116,2,0.9
19,117,2,0.9
19,122,2,0.9
19,124,2,0.9
19,125,2,0.9
20,25,2,0.9
20,36,2,0.9
20,56,2,0.9
20,65,2,0.9
20,66,2,0.9
20,70,2,0.9
20,78,2,0.9
20,84,2,0.9
20,86,2,0.9
20,96,2,0.9
20,97,2,0.9
20,104,2,0.9
20,111,2,0.9
20,116,2,0.9
20,117,2,0.9
20,124,2,0.9
25,36,2,0.9
25,66,2,0.9
25,70,2,0.9
25,81,2,0.9
25,84,2,0.9
25,97,2,0.9
25,104,2,0.9
25,106,2,0.9
25,116,2,0.9
36,62,2,0.9
36,65,2,0.9
36,66,2,0.9
36,70,2,0.9
36,84,2,0.9
36,86,2,0.9
36,97,2,0.9
36,104,2,0.9
36,116,2,0.9
36,117,2,0.9
41,44,2,0.9
41,47,2,0.9
41,65,2,0.9
41,66,2,0.9
41,70,2,0.9
41,78,2,0.9
41,86,2,0.9
41,97,2,0.9
41,104,2,0.9
41,116,2,0.9
41,124,2,0.9
41,125,2,0.9
44,65,2,0.9
44,66,2,0.9
44,70,2,0.9
44,97,2,0.9
44,104,2,0.9
44,116,2,0.9
44,124,2,0.9
44,125,2,0.9
47,65,2,0.9
47,66,2,0.9
47,70,2,0.9
47,78,2,0.9
47,86,2,0.9
47,104,2,0.9
47,116,2,0.9
47,125,2,0.9
55,66,2,0.9
55,70,2,0.9
55,97,2,0.9
55,104,2,0.9
55,108,2,0.9
55,116,2,0.9
55,122,2,0.9
55,125,2,0.9
56,65,2,0.9
56,66,2,0.9
56,70,2,0.9
56,78,2,0.9
56,84,2,0.9
56,86,2,0.9
56,104,2,0.9
56,105,2,0.9
56,111,2,0.9
56,116,2,0.9
56,124,2,0.7
62,66,2,0.9
62,70,2,0.9
62,104,2,0.9
62,116,2,0.9
65,66,2,0.9
65,70,2,0.9
65,78,2,0.9
65,84,2,0.9
65,86,2,0.9
65,96,2,0.9
65,97,2,0.9
65,104,2,0.9
65,116,2,0.9
65,117,2,0.9
65,124,2,0.9
65,125,2,0.9
66,70,2,0.9
66,78,2,0.9
66,81,2,0.9
66,84,2,0.9
66,86,2,0.9
66,90,2,0.9
66,96,2,0.9
66,97,2,0.9
66,104,2,0.9
66,105,2,0.9
66,106,2,0.9
66,108,2,0.9
66,111,2,0.9
66,116,2,0.9
66,117,2,0.9
66,122,2,0.9
66,124,2,0.9
66,125,2,0.9
70,78,2,0.9
70,84,2,0.9
70,86,2,0.9
70,96,2,0.9
70,97,2,0.9
70,104,2,0.9
70,105,2,0.9
70,108,2,0.9
70,111,2,0.9
70,116,2,0.9
70,117,2,0.9
70,122,2,0.9
70,124,2,0.9
70,125,2,0.9
78,84,2,0.9
78,86,2,0.9
78,104,2,0.9
78,116,2,0.9
78,117,2,0.9
78,125,2,0.9
81,84,2,0.9
81,97,2,0.9
81,104,2,0.9
81,106,2,0.9
81,116,2,0.9
84,86,2,0.9
84,97,2,0.9
84,104,2,0.9
84,105,2,0.9
84,106,2,0.9
84,116,2,0.9
86,97,2,0.9
86,104,2,0.9
86,116,2,0.9
86,125,2,0.9
90,97,2,0.9
90,104,2,0.9
90,116,2,0.9
96,104,2,0.9
96,111,2,0.9
96,116,2,0.9
97,104,2,0.9
97,106,2,0.9
97,108,2,0.9
97,116,2,0.9
97,122,2,0.9
97,125,2,0.9
104,106,2,0.9
104,108,2,0.9
104,111,2,0.9
104,116,2,0.9
104,117,2,0.9
104,122,2,0.9
104,125,2,0.9
106,116,2,0.9
108,116,2,0.9
108,122,2,0.9
108,125,2,0.9
116,117,2,0.9
116,122,2,0.9
116,124,2,0.9
116,125,2,0.9
122,125,2,0.9
124,125,2,0.9
3,56,6,0.9
13,19,6,0.9
13,20,6,0.9
13,44,6,0.9
13,58,6,0.9
13,63,6,0.9
13,66,6,0.9
13,70,6,0.9
13,104,6,0.9
13,124,6,0.9
17,19,6,0.9
17,20,6,0.7
17,58,6,0.9
17,62,6,0.7
17,65,6,0.7
17,66,6,0.9
17,70,6,0.9
17,84,6,0.9
17,97,6,0.7
17,104,6,0.9
17,116,6,0.9
19,20,6,0.9
19,44,6,0.9
19,58,6,0.9
19,62,6,0.9
19,63,6,0.9
19,65,6,0.7
19,66,6,0.9
19,70,6,0.9
19,84,6,0.9
19,97,6,0.7
19,104,6,0.9
19,116,6,0.9
19,124,6,0.9
20,44,6,0.9
20,58,6,0.9
20,62,6,0.7
20,63,6,0.9
20,66,6,0.9
20,70,6,0.9
20,84,6,0.7
20,97,6,0.7
20,104,6,0.9
20,116,6,0.9
20,124,6,0.9
44,58,6,0.9
44,63,6,0.9
44,66,6,0.9
44,70,6,0.9
44,104,6,0.9
44,124,6,0.9
58,62,6,0.9
58,63,6,0.9
58,65,6,0.7
58,66,6,0.9
58,70,6,0.9
58,84,6,0.9
58,95,6,0.5
58,96,6,0.9
58,97,6,0.7
58,102,6,0.7
58,104,6,0.9
58,116,6,0.9
58,117,6,0.7
58,124,6,0.9
62,65,6,0.7
62,66,6,0.7
62,70,6,0.9
62,84,6,0.7
62,97,6,0.7
62,104,6,0.7
62,116,6,0.7
62,124,6,0.7
63,66,6,0.9
63,70,6,0.9
63,104,6,0.9
63,124,6,0.9
65,66,6,0.7
65,70,6,0.7
65,84,6,0.7
65,97,6,0.7
65,104,6,0.7
65,116,6,0.7
66,70,6,0.9
66,84,6,0.9
66,97,6,0.7
66,104,6,0.9
66,116,6,0.9
66,124,6,0.9
70,84,6,0.9
70,97,6,0.7
70,104,6,0.9
70,116,6,0.9
70,124,6,0.9
84,97,6,0.7
84,104,6,0.7
84,116,6,0.9
97,104,6,0.7
97,116,6,0.7
104,116,6,0.9
104,124,6,0.9
2,32,11,0.9
2,94,11,0.9
3,10,11,0.9
3,13,11,0.9
3,20,11,0.9
3,32,11,0.9
3,35,11,0.9
3,36,11,0.9
3,44,11,0.9
3,56,11,0.9
3,74,11,0.9
3,97,11,0.9
3,105,11,0.9
3,124,11,0.9
5,20,11,0.9
5,56,11,0.7
5,124,11,0.7
10,13,11,0.9
10,20,11,0.9
10,32,11,0.9
10,35,11,0.9
10,36,11,0.9
10,44,11,0.9
10,56,11,0.9
10,74,11,0.9
10,97,11,0.9
10,105,11,0.9
10,116,11,0.9
10,124,11,0.9
11,58,11,0.7
13,20,11,0.9
13,32,11,0.9
13,35,11,0.9
13,36,11,0.9
13,44,11,0.9
13,56,11,0.9
13,70,11,0.9
13,74,11,0.9
13,97,11,0.9
13,105,11,0.9
13,124,11,0.9
16,58,11,0.9
16,88,11,0.9
19,20,11,0.9
19,70,11,0.9
20,32,11,0.9
20,35,11,0.9
20,36,11,0.9
20,44,11,0.9
20,56,11,0.9
20,65,11,0.9
20,70,11,0.9
20,74,11,0.9
20,78,11,0.9
20,86,11,0.9
20,95,11,0.9
20,97,11,0.9
20,102,11,0.9
20,105,11,0.9
20,107,11,0.7
20,124,11,0.9
32,35,11,0.9
32,36,11,0.9
32,44,11,0.9
32,56,11,0.9
32,74,11,0.9
32,97,11,0.9
32,105,11,0.9
32,124,11,0.9
35,36,11,0.9
35,44,11,0.9
35,56,11,0.9
35,74,11,0.9
35,97,11,0.9
35,105,11,0.9
35,124,11,0.9
36,44,11,0.9
36,56,11,0.9
36,63,11,0.9
36,74,11,0.9
36,97,11,0.9
36,105,11,0.9
36,124,11,0.9
41,125,11,0.9
44,56,11,0.9
44,74,11,0.9
44,97,11,0.9
44,105,11,0.9
44,111,11,0.7
44,124,11,0.9
47,78,11,0.9
56,74,11,0.9
56,95,11,0.7
56,97,11,0.9
56,105,11,0.9
56,107,11,0.9
56,116,11,0.9
56,124,11,0.9
58,88,11,0.9
63,124,11,0.7
65,86,11,0.9
70,74,11,0.9
70,78,11,0.9
70,94,11,0.9
70,124,11,0.9
73,78,11,0.9
74,78,11,0.9
74,87,11,0.9
74,97,11,0.9
74,105,11,0.9
74,124,11,0.9
78,87,11,0.9
78,89,11,0.9
84,94,11,0.7
84,122,11,0.9
95,124,11,0.7
97,105,11,0.9
97,124,11,0.9
105,124,11,0.9
107,124,11,0.9
116,124,11,0.9
2,70,12,0.9
2,74,12,0.9
2,78,12,0.9
2,96,12,0.9
2,117,12,0.9
15,55,12,0.9
15,74,12,0.9
15,78,12,0.9
15,87,12,0.9
16,88,12,0.7
19,62,12,0.7
19,65,12,0.9
19,102,12,0.9
20,36,12,0.7
20,70,12,0.9
20,78,12,0.9
20,86,12,0.9
20,97,12,0.7
47,78,12,0.9
47,86,12,0.9
47,87,12,0.9
47,89,12,0.9
47,111,12,0.9
55,66,12,0.7
56,70,12,0.9
56,78,12,0.9
56,86,12,0.9
62,65,12,0.9
62,70,12,0.9
62,78,12,0.9
62,116,12,0.9
62,117,12,0.9
65,70,12,0.9
65,78,12,0.9
65,86,12,0.9
65,102,12,0.9
65,116,12,0.9
65,117,12,0.9
70,78,12,0.9
70,86,12,0.9
70,87,12,0.9
70,102,12,0.7
70,116,12,0.9
70,117,12,0.9
74,78,12,0.9
78,86,12,0.9
78,87,12,0.9
78,111,12,0.9
78,116,12,0.9
78,117,12,0.9
84,96,12,0.9
86,111,12,0.9
94,125,12,0.9
102,117,12,0.9
116,117,12,0.9
122,125,12,0.9
2,10,3,0.7
2,14,3,0.9
2,17,3,0.9
2,19,3,0.9
2,20,3,0.9
2,36,3,0.9
2,40,3,0.9
2,56,3,0.7
2,57,3,0.9
2,65,3,0.9
2,66,3,0.9
2,70,3,0.9
2,84,3,0.7
2,96,3,0.7
2,97,3,0.9
2,104,3,0.9
2,116,3,0.9
10,17,3,0.7
10,19,3,0.7
10,56,3,0.7
10,65,3,0.7
10,66,3,0.7
10,70,3,0.7
10,84,3,0.7
10,104,3,0.7
10,116,3,0.7
11,12,3,0.9
11,14,3,0.9
11,17,3,0.9
11,19,3,0.9
11,20,3,0.9
11,36,3,0.9
11,65,3,0.9
11,66,3,0.9
11,70,3,0.9
11,116,3,0.9
11,124,3,0.9
12,14,3,0.9
12,17,3,0.9
12,19,3,0.9
12,20,3,0.9
12,36,3,0.9
12,65,3,0.9
12,66,3,0.9
12,70,3,0.9
14,17,3,0.9
14,19,3,0.9
14,20,3,0.9
14,25,3,0.9
14,36,3,0.9
14,40,3,0.9
14,42,3,0.9
14,46,3,0.9
14,51,3,0.9
14,56,3,0.9
14,57,3,0.9
14,65,3,0.9
14,66,3,0.9
14,70,3,0.9
14,74,3,0.9
14,80,3,0.9
14,90,3,0.9
14,96,3,0.7
14,97,3,0.9
14,98,3,0.9
14,104,3,0.9
14,116,3,0.9
14,124,3,0.9
17,19,3,0.9
17,20,3,0.9
17,25,3,0.9
17,30,3,0.9
17,36,3,0.9
17,40,3,0.9
17,42,3,0.9
17,46,3,0.9
17,51,3,0.9
17,56,3,0.9
17,57,3,0.9
17,58,3,0.9
17,62,3,0.9
17,65,3,0.9
17,66,3,0.9
17,70,3,0.9
17,74,3,0.9
17,78,3,0.9
17,80,3,0.9
17,84,3,0.9
17,86,3,0.9
17,90,3,0.9
17,96,3,0.7
17,97,3,0.9
17,98,3,0.9
17,104,3,0.9
17,116,3,0.9
17,124,3,0.9
17,125,3,0.9
19,20,3,0.9
19,25,3,0.9
19,30,3,0.9
19,36,3,0.9
19,40,3,0.9
19,42,3,0.9
19,46,3,0.9
19,51,3,0.9
19,56,3,0.9
19,57,3,0.9
19,58,3,0.9
19,62,3,0.9
19,65,3,0.9
19,66,3,0.9
19,70,3,0.9
19,74,3,0.9
19,78,3,0.9
19,80,3,0.9
19,84,3,0.9
19,86,3,0.9
19,90,3,0.9
19,96,3,0.7
19,97,3,0.9
19,98,3,0.9
19,102,3,0.9
19,104,3,0.9
19,116,3,0.9
19,124,3,0.9
19,125,3,0.9
20,25,3,0.9
20,30,3,0.9
20,36,3,0.9
20,40,3,0.9
20,56,3,0.9
20,57,3,0.9
20,58,3,0.9
20,62,3,0.9
20,65,3,0.9
20,66,3,0.9
20,70,3,0.9
20,74,3,0.9
20,78,3,0.9
20,80,3,0.9
20,84,3,0.9
20,86,3,0.9
20,90,3,0.9
20,96,3,0.7
20,97,3,0.9
20,102,3,0.9
20,104,3,0.9
20,116,3,0.9
20,124,3,0.9
20,125,3,0.9
25,36,3,0.9
25,66,3,0.9
25,70,3,0.9
25,97,3,0.9
25,104,3,0.9
25,116,3,0.9
30,36,3,0.9
30,58,3,0.9
30,62,3,0.9
30,66,3,0.9
30,70,3,0.9
30,78,3,0.9
30,84,3,0.9
30,86,3,0.9
30,104,3,0.9
30,116,3,0.9
30,125,3,0.9
36,40,3,0.9
36,56,3,0.9
36,57,3,0.9
36,58,3,0.9
36,62,3,0.9
36,65,3,0.9
36,66,3,0.9
36,70,3,0.9
36,78,3,0.9
36,84,3,0.9
36,86,3,0.9
36,90,3,0.9
36,97,3,0.9
36,104,3,0.9
36,116,3,0.9
36,124,3,0.9
36,125,3,0.9
40,42,3,0.9
40,57,3,0.9
40,65,3,0.9
40,66,3,0.9
40,70,3,0.9
40,90,3,0.9
40,97,3,0.9
40,104,3,0.9
40,116,3,0.9
42,57,3,0.9
42,65,3,0.9
42,66,3,0.9
42,70,3,0.9
42,90,3,0.9
42,98,3,0.9
42,116,3,0.9
46,57,3,0.9
46,66,3,0.9
46,90,3,0.9
51,57,3,0.9
51,65,3,0.9
51,66,3,0.9
51,70,3,0.9
51,90,3,0.9
51,104,3,0.9
56,57,3,0.9
56,65,3,0.9
56,66,3,0.9
56,70,3,0.9
56,74,3,0.9
56,84,3,0.7
56,97,3,0.9
56,104,3,0.9
56,116,3,0.9
56,124,3,0.9
57,65,3,0.9
57,66,3,0.9
57,70,3,0.9
57,74,3,0.9
57,90,3,0.9
57,97,3,0.9
57,98,3,0.9
57,102,3,0.9
57,104,3,0.9
57,116,3,0.9
57,124,3,0.9
58,62,3,0.9
58,66,3,0.9
58,70,3,0.9
58,78,3,0.9
58,84,3,0.9
58,86,3,0.9
58,104,3,0.9
58,116,3,0.9
58,125,3,0.9
62,66,3,0.9
62,70,3,0.9
62,78,3,0.9
62,84,3,0.9
62,86,3,0.9
62,104,3,0.9
62,116,3,0.9
62,125,3,0.9
65,66,3,0.9
65,70,3,0.9
65,74,3,0.9
65,84,3,0.7
65,90,3,0.9
65,96,3,0.7
65,97,3,0.9
65,98,3,0.9
65,102,3,0.9
65,104,3,0.9
65,116,3,0.9
65,124,3,0.9
66,70,3,0.9
66,74,3,0.9
66,78,3,0.9
66,80,3,0.9
66,84,3,0.9
66,86,3,0.9
66,90,3,0.9
66,96,3,0.7
66,97,3,0.9
66,98,3,0.9
66,102,3,0.9
66,104,3,0.9
66,116,3,0.9
66,124,3,0.9
66,125,3,0.9
70,78,3,0.9
70,84,3,0.9
70,86,3,0.9
70,96,3,0.7
70,97,3,0.9
70,98,3,0.9
70,102,3,0.9
70,104,3,0.9
70,116,3,0.9
70,124,3,0.9
70,125,3,0.9
74,104,3,0.9
78,84,3,0.9
78,86,3,0.9
78,104,3,0.9
78,116,3,0.9
78,125,3,0.9
80,90,3,0.9
80,104,3,0.9
80,116,3,0.9
80,124,3,0.9
84,86,3,0.9
84,97,3,0.9
84,104,3,0.9
84,116,3,0.9
84,125,3,0.9
86,104,3,0.9
86,116,3,0.9
86,125,3,0.9
90,104,3,0.9
90,116,3,0.9
90,124,3,0.9
96,97,3,0.7
96,104,3,0.7
96,116,3,0.7
97,102,3,0.9
97,104,3,0.9
97,116,3,0.9
97,124,3,0.9
98,116,3,0.9
102,104,3,0.9
102,116,3,0.9
104,116,3,0.9
104,124,3,0.9
104,125,3,0.9
116,124,3,0.9
116,125,3,0.9
2,9,7,0.9
2,17,7,0.9
2,19,7,0.9
2,62,7,0.9
2,70,7,0.9
2,116,7,0.9
3,5,7,0.9
3,10,7,0.9
3,16,7,0.9
3,32,7,0.9
3,35,7,0.9
3,44,7,0.9
3,88,7,0.9
3,96,7,0.9
3,105,7,0.9
3,111,7,0.9
5,10,7,0.9
5,16,7,0.9
5,32,7,0.9
5,35,7,0.9
5,44,7,0.9
5,88,7,0.9
5,96,7,0.9
5,105,7,0.9
5,111,7,0.9
9,17,7,0.9
9,19,7,0.9
9,62,7,0.9
9,70,7,0.9
9,116,7,0.9
10,16,7,0.9
10,32,7,0.9
10,35,7,0.9
10,44,7,0.9
10,88,7,0.9
10,96,7,0.9
10,105,7,0.9
10,111,7,0.9
15,25,7,0.9
15,26,7,0.9
15,27,7,0.9
15,31,7,0.9
15,43,7,0.9
15,55,7,0.9
15,59,7,0.9
15,66,7,0.9
15,81,7,0.9
15,91,7,0.9
15,94,7,0.9
15,106,7,0.9
15,121,7,0.9
15,122,7,0.9
16,32,7,0.9
16,35,7,0.9
16,44,7,0.9
16,88,7,0.9
16,96,7,0.9
16,105,7,0.9
16,111,7,0.9
17,19,7,0.9
17,62,7,0.9
17,70,7,0.9
17,116,7,0.9
19,58,7,0.9
19,62,7,0.9
19,70,7,0.9
19,96,7,0.9
19,105,7,0.9
19,111,7,0.9
19,116,7,0.9
19,117,7,0.9
20,56,7,0.9
20,70,7,0.9
20,78,7,0.9
20,80,7,0.9
20,86,7,0.9
20,96,7,0.9
20,97,7,0.9
20,124,7,0.9
25,26,7,0.9
25,27,7,0.9
25,31,7,0.9
25,43,7,0.9
25,55,7,0.9
25,59,7,0.9
25,66,7,0.9
25,81,7,0.9
25,91,7,0.9
25,94,7,0.9
25,106,7,0.9
25,121,7,0.9
25,122,7,0.9
26,27,7,0.9
26,31,7,0.9
26,43,7,0.9
26,55,7,0.9
26,59,7,0.9
26,66,7,0.9
26,81,7,0.9
26,91,7,0.9
26,94,7,0.9
26,106,7,0.9
26,121,7,0.9
26,122,7,0.9
27,31,7,0.9
27,43,7,0.9
27,55,7,0.9
27,59,7,0.9
27,66,7,0.9
27,81,7,0.9
27,91,7,0.9
27,94,7,0.9
27,106,7,0.9
27,121,7,0.9
27,122,7,0.9
31,43,7,0.9
31,55,7,0.9
31,59,7,0.9
31,66,7,0.9
31,81,7,0.9
31,91,7,0.9
31,94,7,0.9
31,106,7,0.9
31,121,7,0.9
31,122,7,0.9
32,35,7,0.9
32,44,7,0.9
32,88,7,0.9
32,96,7,0.9
32,105,7,0.9
32,111,7,0.9
35,44,7,0.9
35,88,7,0.9
35,96,7,0.9
35,105,7,0.9
35,111,7,0.9
41,104,7,0.9
41,116,7,0.9
41,117,7,0.9
41,125,7,0.9
43,55,7,0.9
43,59,7,0.9
43,66,7,0.9
43,81,7,0.9
43,91,7,0.9
43,94,7,0.9
43,106,7,0.9
43,121,7,0.9
43,122,7,0.9
44,88,7,0.9
44,96,7,0.9
44,105,7,0.9
44,111,7,0.9
47,74,7,0.9
47,78,7,0.9
47,87,7,0.9
47,89,7,0.9
55,59,7,0.9
55,66,7,0.9
55,81,7,0.9
55,91,7,0.9
55,94,7,0.9
55,106,7,0.9
55,121,7,0.9
55,122,7,0.9
56,80,7,0.9
56,86,7,0.9
56,96,7,0.9
56,97,7,0.9
58,62,7,0.9
58,70,7,0.9
58,96,7,0.9
58,105,7,0.9
58,111,7,0.9
58,117,7,0.9
59,66,7,0.9
59,81,7,0.9
59,91,7,0.9
59,94,7,0.9
59,106,7,0.9
59,121,7,0.9
59,122,7,0.9
62,70,7,0.9
62,96,7,0.9
62,105,7,0.9
62,111,7,0.9
62,116,7,0.9
62,117,7,0.9
66,81,7,0.9
66,91,7,0.9
66,94,7,0.9
66,106,7,0.9
66,121,7,0.9
66,122,7,0.9
70,78,7,0.9
70,96,7,0.9
70,105,7,0.9
70,111,7,0.9
70,116,7,0.9
70,117,7,0.9
74,78,7,0.9
74,87,7,0.9
74,89,7,0.9
78,87,7,0.9
78,89,7,0.9
80,86,7,0.9
80,96,7,0.9
80,97,7,0.9
81,91,7,0.9
81,94,7,0.9
81,106,7,0.9
81,121,7,0.9
81,122,7,0.9
86,96,7,0.9
86,97,7,0.9
87,89,7,0.9
88,96,7,0.9
88,105,7,0.9
88,111,7,0.9
91,94,7,0.9
91,106,7,0.9
91,121,7,0.9
91,122,7,0.9
94,106,7,0.9
94,121,7,0.9
94,122,7,0.9
96,97,7,0.9
96,105,7,0.9
96,111,7,0.9
96,117,7,0.9
104,116,7,0.9
104,117,7,0.9
104,125,7,0.9
105,111,7,0.9
105,117,7,0.9
106,121,7,0.9
106,122,7,0.9
111,117,7,0.9
116,117,7,0.9
116,125,7,0.9
117,125,7,0.9
121,122,7,0.9
2,10,4,0.9
2,17,4,0.9
2,19,4,0.9
2,20,4,0.9
2,32,4,0.9
2,35,4,0.9
2,56,4,0.9
2,65,4,0.9
2,66,4,0.9
2,70,4,0.9
2,78,4,0.9
2,84,4,0.9
2,94,4,0.9
2,96,4,0.9
2,104,4,0.9
2,111,4,0.9
2,116,4,0.9
2,125,4,0.9
3,5,4,0.9
3,10,4,0.7
3,19,4,0.9
3,56,4,0.9
3,65,4,0.9
3,66,4,0.9
3,70,4,0.9
3,104,4,0.9
5,17,4,0.9
5,19,4,0.9
5,20,4,0.9
5,32,4,0.9
5,35,4,0.9
5,36,4,0.9
5,44,4,0.9
5,56,4,0.9
5,65,4,0.9
5,66,4,0.9
5,70,4,0.9
5,96,4,0.9
5,97,4,0.9
5,104,4,0.9
5,116,4,0.9
10,13,4,0.9
10,17,4,0.9
10,19,4,0.9
10,20,4,0.9
10,32,4,0.9
10,44,4,0.9
10,56,4,0.9
10,65,4,0.9
10,66,4,0.9
10,70,4,0.9
10,84,4,0.9
10,95,4,0.9
10,96,4,0.9
10,104,4,0.9
10,105,4,0.9
10,111,4,0.9
10,116,4,0.9
11,15,4,0.9
11,17,4,0.9
11,19,4,0.9
11,20,4,0.9
11,25,4,0.9
11,36,4,0.9
11,56,4,0.9
11,62,4,0.9
11,66,4,0.9
11,70,4,0.9
11,81,4,0.9
11,84,4,0.9
11,96,4,0.9
11,97,4,0.9
11,101,4,0.9
11,104,4,0.9
11,106,4,0.9
11,116,4,0.9
11,117,4,0.9
13,19,4,0.9
13,44,4,0.9
13,56,4,0.9
13,66,4,0.9
13,70,4,0.9
13,95,4,0.9
13,104,4,0.9
13,105,4,0.9
13,111,4,0.9
13,116,4,0.9
14,19,4,0.9
14,66,4,0.9
14,116,4,0.9
15,19,4,0.9
15,25,4,0.9
15,55,4,0.9
15,56,4,0.9
15,62,4,0.9
15,65,4,0.9
15,66,4,0.9
15,70,4,0.9
15,81,4,0.9
15,84,4,0.9
15,97,4,0.9
15,101,4,0.9
15,104,4,0.9
15,116,4,0.9
15,117,4,0.9
17,19,4,0.9
17,20,4,0.9
17,25,4,0.9
17,32,4,0.9
17,35,4,0.9
17,36,4,0.9
17,44,4,0.9
17,56,4,0.9
17,65,4,0.9
17,66,4,0.9
17,70,4,0.9
17,84,4,0.9
17,86,4,0.9
17,95,4,0.9
17,96,4,0.9
17,97,4,0.9
17,104,4,0.9
17,116,4,0.9
19,20,4,0.9
19,25,4,0.9
19,32,4,0.9
19,35,4,0.9
19,36,4,0.9
19,42,4,0.9
19,44,4,0.9
19,55,4,0.9
19,56,4,0.9
19,65,4,0.9
19,66,4,0.9
19,70,4,0.9
19,78,4,0.9
19,81,4,0.9
19,84,4,0.9
19,86,4,0.9
19,95,4,0.9
19,96,4,0.9
19,97,4,0.9
19,101,4,0.9
19,104,4,0.9
19,105,4,0.9
19,106,4,0.9
19,111,4,0.9
19,116,4,0.9
19,124,4,0.9
19,125,4,0.9
20,25,4,0.9
20,32,4,0.9
20,35,4,0.9
20,36,4,0.9
20,44,4,0.9
20,56,4,0.9
20,65,4,0.9
20,66,4,0.9
20,70,4,0.9
20,84,4,0.9
20,86,4,0.9
20,94,4,0.9
20,95,4,0.9
20,96,4,0.9
20,97,4,0.9
20,104,4,0.9
20,105,4,0.9
20,111,4,0.9
20,116,4,0.9
25,36,4,0.9
25,55,4,0.9
25,56,4,0.9
25,62,4,0.9
25,65,4,0.9
25,66,4,0.9
25,70,4,0.9
25,81,4,0.9
25,84,4,0.9
25,97,4,0.9
25,101,4,0.9
25,104,4,0.9
25,106,4,0.9
25,116,4,0.9
25,117,4,0.9
32,35,4,0.9
32,42,4,0.9
32,44,4,0.9
32,65,4,0.9
32,66,4,0.9
32,70,4,0.9
32,95,4,0.9
32,96,4,0.9
32,97,4,0.9
32,104,4,0.9
32,105,4,0.9
32,116,4,0.9
35,36,4,0.9
35,44,4,0.7
35,65,4,0.9
35,66,4,0.9
35,70,4,0.9
35,96,4,0.9
35,97,4,0.9
35,104,4,0.9
35,116,4,0.9
36,44,4,0.9
36,56,4,0.9
36,65,4,0.9
36,66,4,0.9
36,70,4,0.9
36,74,4,0.9
36,84,4,0.9
36,86,4,0.9
36,97,4,0.9
36,104,4,0.9
36,105,4,0.9
36,116,4,0.9
42,44,4,0.9
42,65,4,0.9
42,66,4,0.9
42,70,4,0.9
42,96,4,0.9
42,104,4,0.9
42,116,4,0.9
44,56,4,0.9
44,65,4,0.9
44,66,4,0.9
44,70,4,0.9
44,84,4,0.9
44,95,4,0.9
44,96,4,0.9
44,97,4,0.9
44,104,4,0.9
44,105,4,0.9
44,107,4,0.5
44,111,4,0.9
44,116,4,0.9
47,89,4,0.9
55,65,4,0.9
55,66,4,0.9
55,70,4,0.9
55,81,4,0.9
55,84,4,0.9
55,97,4,0.9
55,104,4,0.9
55,116,4,0.9
56,62,4,0.9
56,65,4,0.9
56,66,4,0.9
56,70,4,0.9
56,84,4,0.9
56,95,4,0.9
56,97,4,0.9
56,101,4,0.9
56,104,4,0.9
56,105,4,0.9
56,111,4,0.9
56,116,4,0.9
56,117,4,0.9
56,124,4,0.9
62,66,4,0.9
62,70,4,0.9
62,97,4,0.9
62,101,4,0.9
62,117,4,0.9
65,66,4,0.9
65,70,4,0.9
65,78,4,0.9
65,81,4,0.9
65,84,4,0.9
65,86,4,0.9
65,96,4,0.9
65,97,4,0.9
65,104,4,0.9
65,105,4,0.9
65,106,4,0.9
65,111,4,0.9
65,116,4,0.9
65,124,4,0.9
65,125,4,0.9
66,70,4,0.9
66,78,4,0.9
66,81,4,0.9
66,84,4,0.9
66,86,4,0.9
66,94,4,0.9
66,95,4,0.9
66,96,4,0.9
66,97,4,0.9
66,101,4,0.9
66,104,4,0.9
66,105,4,0.9
66,106,4,0.9
66,111,4,0.9
66,116,4,0.9
66,117,4,0.9
66,124,4,0.9
66,125,4,0.9
70,78,4,0.9
70,81,4,0.9
70,84,4,0.9
70,86,4,0.9
70,95,4,0.9
70,96,4,0.9
70,97,4,0.9
70,101,4,0.9
70,104,4,0.9
70,105,4,0.9
70,106,4,0.9
70,111,4,0.9
70,116,4,0.9
70,117,4,0.9
70,124,4,0.9
70,125,4,0.9
74,97,4,0.9
78,104,4,0.9
78,125,4,0.9
81,84,4,0.9
81,97,4,0.9
81,104,4,0.9
81,106,4,0.9
81,116,4,0.9
84,86,4,0.9
84,95,4,0.9
84,96,4,0.9
84,97,4,0.9
84,101,4,0.9
84,104,4,0.9
84,105,4,0.9
84,106,4,0.9
84,111,4,0.9
84,116,4,0.9
84,122,4,0.9
84,124,4,0.9
86,97,4,0.9
86,104,4,0.9
86,116,4,0.9
94,97,4,0.9
94,104,4,0.9
95,104,4,0.9
95,105,4,0.9
95,116,4,0.9
96,97,4,0.9
96,104,4,0.9
96,105,4,0.9
96,116,4,0.9
97,101,4,0.9
97,104,4,0.9
97,105,4,0.9
97,106,4,0.9
97,116,4,0.9
97,117,4,0.9
101,117,4,0.9
104,105,4,0.9
104,106,4,0.9
104,111,4,0.9
104,116,4,0.9
104,125,4,0.9
105,116,4,0.9
106,116,4,0.9
111,116,4,0.9
116,124,4,0.9
2,13,14,0.9
2,17,14,0.7
2,70,14,0.7
2,95,14,0.7
2,124,14,0.9
3,44,14,0.9
3,111,14,0.9
10,20,14,0.7
11,116,14,0.7
13,15,14,0.9
13,58,14,0.9
13,70,14,0.9
13,124,14,0.9
14,30,14,0.9
15,70,14,0.9
15,124,14,0.9
17,20,14,0.7
19,116,14,0.9
20,36,14,0.9
20,44,14,0.9
20,56,14,0.7
20,70,14,0.9
20,97,14,0.9
20,111,14,0.9
20,124,14,0.9
36,70,14,0.7
36,97,14,0.7
41,125,14,0.9
44,111,14,0.9
55,70,14,0.7
58,70,14,0.9
58,124,14,0.9
70,86,14,0.9
70,124,14,0.9
97,104,14,0.9
122,124,14,0.9
124,125,14,0.9
3,5,8,0.9
3,7,8,0.9
3,10,8,0.9
3,16,8,0.9
3,30,8,0.9
3,32,8,0.9
3,35,8,0.9
3,44,8,0.9
3,62,8,0.9
3,65,8,0.9
3,84,8,0.9
3,88,8,0.9
3,94,8,0.9
3,96,8,0.9
3,116,8,0.9
3,117,8,0.9
3,122,8,0.9
5,7,8,0.9
5,10,8,0.9
5,16,8,0.9
5,30,8,0.9
5,32,8,0.9
5,35,8,0.9
5,44,8,0.9
5,62,8,0.9
5,65,8,0.9
5,84,8,0.9
5,88,8,0.9
5,94,8,0.9
5,96,8,0.9
5,116,8,0.9
5,117,8,0.9
5,122,8,0.9
7,10,8,0.9
7,16,8,0.9
7,30,8,0.9
7,32,8,0.9
7,35,8,0.9
7,44,8,0.9
7,62,8,0.9
7,65,8,0.9
7,84,8,0.9
7,88,8,0.9
7,94,8,0.9
7,96,8,0.9
7,116,8,0.9
7,117,8,0.9
7,122,8,0.9
10,16,8,0.9
10,30,8,0.9
10,32,8,0.9
10,35,8,0.9
10,44,8,0.9
10,62,8,0.9
10,65,8,0.9
10,84,8,0.9
10,88,8,0.9
10,94,8,0.9
10,96,8,0.9
10,116,8,0.9
10,117,8,0.9
10,122,8,0.9
16,30,8,0.9
16,32,8,0.9
16,35,8,0.9
16,44,8,0.9
16,62,8,0.9
16,65,8,0.9
16,84,8,0.9
16,88,8,0.9
16,94,8,0.9
16,96,8,0.9
16,116,8,0.9
16,117,8,0.9
16,122,8,0.9
17,47,8,0.9
17,62,8,0.9
17,74,8,0.9
17,78,8,0.9
17,87,8,0.9
17,89,8,0.9
17,117,8,0.9
19,104,8,0.9
20,46,8,0.9
20,58,8,0.9
20,86,8,0.9
30,32,8,0.9
30,35,8,0.9
30,44,8,0.9
30,62,8,0.9
30,65,8,0.9
30,84,8,0.9
30,88,8,0.9
30,94,8,0.9
30,96,8,0.9
30,116,8,0.9
30,117,8,0.9
30,122,8,0.9
32,35,8,0.9
32,44,8,0.9
32,62,8,0.9
32,65,8,0.9
32,84,8,0.9
32,88,8,0.9
32,94,8,0.9
32,96,8,0.9
32,116,8,0.9
32,117,8,0.9
32,122,8,0.9
35,44,8,0.9
35,62,8,0.9
35,65,8,0.9
35,84,8,0.9
35,88,8,0.9
35,94,8,0.9
35,96,8,0.9
35,116,8,0.9
35,117,8,0.9
35,122,8,0.9
44,62,8,0.9
44,65,8,0.9
44,84,8,0.9
44,88,8,0.9
44,94,8,0.9
44,96,8,0.9
44,116,8,0.9
44,117,8,0.9
44,122,8,0.9
46,58,8,0.9
46,86,8,0.9
47,62,8,0.9
47,74,8,0.9
47,78,8,0.9
47,87,8,0.9
47,89,8,0.9
47,117,8,0.9
58,86,8,0.9
62,65,8,0.9
62,74,8,0.9
62,78,8,0.9
62,84,8,0.9
62,87,8,0.9
62,88,8,0.9
62,89,8,0.9
62,94,8,0.9
62,96,8,0.9
62,116,8,0.9
62,117,8,0.9
62,122,8,0.9
65,84,8,0.9
65,88,8,0.9
65,94,8,0.9
65,96,8,0.9
65,116,8,0.9
65,117,8,0.9
65,122,8,0.9
70,74,8,0.9
70,78,8,0.9
74,78,8,0.9
74,87,8,0.9
74,89,8,0.9
74,117,8,0.9
78,87,8,0.9
78,89,8,0.9
78,117,8,0.9
84,88,8,0.9
84,94,8,0.9
84,96,8,0.9
84,116,8,0.9
84,117,8,0.9
84,122,8,0.9
87,89,8,0.9
87,117,8,0.9
88,94,8,0.9
88,96,8,0.9
88,116,8,0.9
88,117,8,0.9
88,122,8,0.9
89,117,8,0.9
94,96,8,0.9
94,116,8,0.9
94,117,8,0.9
94,122,8,0.9
96,116,8,0.9
96,117,8,0.9
96,122,8,0.9
116,117,8,0.9
116,122,8,0.9
117,122,8,0.9
2,15,9,0.7
2,19,9,0.7
2,20,9,0.9
2,32,9,0.7
2,44,9,0.7
2,58,9,0.7
2,66,9,0.7
2,70,9,0.7
2,78,9,0.7
2,81,9,0.7
2,86,9,0.7
2,87,9,0.7
2,89,9,0.7
2,91,9,0.7
2,96,9,0.7
2,97,9,0.7
2,105,9,0.7
2,106,9,0.7
2,111,9,0.7
2,116,9,0.7
2,124,9,0.7
3,10,9,0.7
3,56,9,0.7
9,20,9,0.7
13,105,9,0.9
15,19,9,0.7
15,20,9,0.7
15,32,9,0.7
15,44,9,0.7
15,55,9,0.9
15,58,9,0.7
15,66,9,0.7
15,70,9,0.7
15,78,9,0.7
15,81,9,0.7
15,86,9,0.7
15,87,9,0.7
15,89,9,0.7
15,91,9,0.7
15,97,9,0.7
15,105,9,0.7
15,106,9,0.7
15,111,9,0.7
15,116,9,0.7
16,88,9,0.9
17,65,9,0.7
17,70,9,0.9
19,20,9,0.7
19,32,9,0.7
19,44,9,0.7
19,58,9,0.9
19,62,9,0.9
19,66,9,0.7
19,70,9,0.9
19,78,9,0.7
19,81,9,0.7
19,86,9,0.7
19,87,9,0.7
19,89,9,0.7
19,91,9,0.7
19,97,9,0.7
19,105,9,0.7
19,106,9,0.7
19,111,9,0.7
19,116,9,0.9
20,32,9,0.7
20,44,9,0.7
20,56,9,0.7
20,58,9,0.7
20,66,9,0.7
20,70,9,0.7
20,78,9,0.7
20,81,9,0.7
20,86,9,0.7
20,87,9,0.7
20,89,9,0.7
20,91,9,0.7
20,97,9,0.7
20,105,9,0.7
20,106,9,0.7
20,111,9,0.7
20,116,9,0.7
20,124,9,0.9
25,66,9,0.9
25,81,9,0.9
25,106,9,0.9
32,35,9,0.9
32,44,9,0.7
32,58,9,0.7
32,66,9,0.7
32,70,9,0.7
32,78,9,0.7
32,81,9,0.7
32,86,9,0.7
32,87,9,0.7
32,89,9,0.7
32,91,9,0.7
32,97,9,0.7
32,105,9,0.7
32,106,9,0.7
32,111,9,0.7
32,116,9,0.7
35,44,9,0.7
36,74,9,0.7
36,78,9,0.7
36,84,9,0.7
36,97,9,0.9
41,125,9,0.9
44,58,9,0.7
44,66,9,0.7
44,70,9,0.7
44,78,9,0.7
44,81,9,0.7
44,86,9,0.7
44,87,9,0.7
44,89,9,0.7
44,91,9,0.7
44,96,9,0.7
44,97,9,0.7
44,105,9,0.7
44,106,9,0.7
44,111,9,0.7
44,116,9,0.7
47,74,9,0.7
47,78,9,0.7
47,87,9,0.7
47,89,9,0.7
56,111,9,0.9
56,124,9,0.9
58,62,9,0.9
58,66,9,0.7
58,70,9,0.9
58,78,9,0.7
58,81,9,0.7
58,84,9,0.7
58,86,9,0.7
58,87,9,0.7
58,89,9,0.7
58,91,9,0.7
58,97,9,0.7
58,105,9,0.7
58,106,9,0.7
58,111,9,0.7
58,116,9,0.7
58,117,9,0.7
62,70,9,0.9
65,86,9,0.9
65,116,9,0.7
66,70,9,0.7
66,78,9,0.7
66,81,9,0.9
66,86,9,0.7
66,87,9,0.7
66,89,9,0.7
66,91,9,0.7
66,97,9,0.7
66,105,9,0.7
66,106,9,0.9
66,111,9,0.7
66,116,9,0.7
70,78,9,0.7
70,81,9,0.7
70,86,9,0.7
70,87,9,0.7
70,89,9,0.7
70,91,9,0.7
70,97,9,0.7
70,105,9,0.7
70,106,9,0.7
70,111,9,0.7
70,116,9,0.7
74,78,9,0.9
74,87,9,0.9
74,89,9,0.7
78,81,9,0.7
78,86,9,0.7
78,87,9,0.9
78,89,9,0.7
78,91,9,0.7
78,97,9,0.7
78,105,9,0.7
78,106,9,0.7
78,111,9,0.7
78,116,9,0.7
81,86,9,0.7
81,87,9,0.7
81,89,9,0.7
81,91,9,0.7
81,97,9,0.7
81,105,9,0.7
81,106,9,0.7
81,111,9,0.7
81,116,9,0.7
84,97,9,0.7
86,87,9,0.7
86,89,9,0.7
86,91,9,0.7
86,97,9,0.7
86,105,9,0.7
86,106,9,0.7
86,111,9,0.7
86,116,9,0.7
87,89,9,0.7
87,91,9,0.7
87,97,9,0.7
87,105,9,0.7
87,106,9,0.7
87,111,9,0.7
87,116,9,0.7
89,91,9,0.7
89,97,9,0.7
89,105,9,0.7
89,106,9,0.7
89,111,9,0.7
89,116,9,0.7
91,97,9,0.7
91,105,9,0.7
91,106,9,0.7
91,111,9,0.7
91,116,9,0.7
94,122,9,0.7
95,105,9,0.7
96,97,9,0.9
97,105,9,0.7
97,106,9,0.7
97,111,9,0.7
97,116,9,0.7
105,106,9,0.7
105,111,9,0.7
105,116,9,0.7
106,111,9,0.7
106,116,9,0.7
111,116,9,0.7
2,3,10,0.9
2,10,10,0.9
2,15,10,0.9
2,17,10,0.9
2,19,10,0.9
2,20,10,0.9
2,32,10,0.9
2,35,10,0.9
2,36,10,0.9
2,44,10,0.9
2,56,10,0.9
2,58,10,0.9
2,66,10,0.9
2,70,10,0.9
2,78,10,0.9
2,81,10,0.9
2,86,10,0.9
2,87,10,0.9
2,89,10,0.9
2,91,10,0.9
2,96,10,0.9
2,97,10,0.9
2,105,10,0.9
2,106,10,0.9
2,111,10,0.9
2,116,10,0.9
2,117,10,0.9
2,124,10,0.7
2,125,10,0.9
3,10,10,0.9
3,17,10,0.9
3,20,10,0.9
3,35,10,0.9
3,36,10,0.9
3,56,10,0.9
3,70,10,0.9
3,97,10,0.9
3,105,10,0.9
3,111,10,0.9
3,117,10,0.9
3,125,10,0.9
5,32,10,0.9
10,35,10,0.9
11,66,10,0.7
13,20,10,0.9
13,70,10,0.9
13,105,10,0.9
15,19,10,0.9
15,20,10,0.9
15,32,10,0.9
15,44,10,0.9
15,58,10,0.9
15,66,10,0.9
15,78,10,0.9
15,81,10,0.9
15,86,10,0.9
15,87,10,0.9
15,89,10,0.9
15,91,10,0.9
15,97,10,0.9
15,105,10,0.9
15,106,10,0.9
15,116,10,0.9
17,20,10,0.9
17,56,10,0.9
17,97,10,0.9
19,20,10,0.9
19,32,10,0.9
19,44,10,0.9
19,58,10,0.9
19,62,10,0.9
19,66,10,0.9
19,70,10,0.9
19,78,10,0.9
19,81,10,0.9
19,86,10,0.9
19,87,10,0.9
19,89,10,0.9
19,91,10,0.9
19,97,10,0.9
19,105,10,0.9
19,106,10,0.9
19,116,10,0.9
20,32,10,0.9
20,36,10,0.9
20,44,10,0.9
20,56,10,0.9
20,58,10,0.9
20,66,10,0.9
20,70,10,0.9
20,74,10,0.7
20,78,10,0.9
20,81,10,0.9
20,86,10,0.9
20,87,10,0.9
20,89,10,0.9
20,91,10,0.9
20,97,10,0.9
20,105,10,0.9
20,106,10,0.9
20,111,10,0.9
20,116,10,0.9
20,124,10,0.9
25,66,10,0.9
32,35,10,0.7
32,44,10,0.9
32,58,10,0.9
32,66,10,0.9
32,78,10,0.9
32,81,10,0.9
32,86,10,0.9
32,87,10,0.9
32,89,10,0.9
32,91,10,0.9
32,97,10,0.9
32,105,10,0.9
32,106,10,0.9
32,116,10,0.9
35,96,10,0.7
36,56,10,0.9
36,70,10,0.9
36,74,10,0.9
36,97,10,0.9
36,105,10,0.9
36,111,10,0.9
36,117,10,0.9
36,125,10,0.9
44,58,10,0.9
44,66,10,0.9
44,78,10,0.9
44,81,10,0.9
44,86,10,0.9
44,87,10,0.9
44,89,10,0.9
44,91,10,0.9
44,97,10,0.9
44,105,10,0.9
44,106,10,0.9
44,111,10,0.9
44,116,10,0.9
56,70,10,0.9
56,97,10,0.9
56,105,10,0.9
56,111,10,0.9
56,117,10,0.9
56,125,10,0.9
58,62,10,0.9
58,66,10,0.9
58,70,10,0.9
58,78,10,0.9
58,81,10,0.9
58,86,10,0.9
58,87,10,0.9
58,89,10,0.9
58,91,10,0.9
58,97,10,0.9
58,105,10,0.9
58,106,10,0.9
58,116,10,0.9
62,70,10,0.9
66,78,10,0.9
66,81,10,0.9
66,86,10,0.9
66,87,10,0.9
66,89,10,0.9
66,91,10,0.9
66,97,10,0.9
66,105,10,0.9
66,106,10,0.9
66,116,10,0.9
70,78,10,0.9
70,86,10,0.9
70,105,10,0.9
70,111,10,0.9
70,117,10,0.9
70,125,10,0.9
74,78,10,0.9
74,87,10,0.9
78,81,10,0.9
78,86,10,0.9
78,87,10,0.9
78,89,10,0.9
78,91,10,0.9
78,97,10,0.9
78,105,10,0.9
78,106,10,0.9
78,116,10,0.9
81,86,10,0.9
81,87,10,0.9
81,89,10,0.9
81,91,10,0.9
81,97,10,0.9
81,105,10,0.9
81,106,10,0.9
81,116,10,0.9
86,87,10,0.9
86,89,10,0.9
86,91,10,0.9
86,97,10,0.9
86,105,10,0.9
86,106,10,0.9
86,116,10,0.9
87,89,10,0.9
87,91,10,0.9
87,97,10,0.9
87,105,10,0.9
87,106,10,0.9
87,116,10,0.9
89,91,10,0.9
89,97,10,0.9
89,105,10,0.9
89,106,10,0.9
89,116,10,0.9
91,97,10,0.9
91,105,10,0.9
91,106,10,0.9
91,116,10,0.9
97,105,10,0.9
97,106,10,0.9
97,111,10,0.9
97,116,10,0.9
102,117,10,0.7
104,116,10,0.7
105,106,10,0.9
105,111,10,0.9
105,116,10,0.9
105,117,10,0.9
105,125,10,0.9
106,116,10,0.9
111,117,10,0.9
111,125,10,0.9
117,125,10,0.9
2,8,13,0.9
2,11,13,0.7
2,14,13,0.7
2,20,13,0.7
2,28,13,0.7
2,30,13,0.9
2,57,13,0.7
2,62,13,0.9
2,65,13,0.7
2,96,13,0.9
2,98,13,0.7
2,125,13,0.7
8,14,13,0.7
13,65,13,0.9
13,104,13,0.9
13,116,13,0.9
14,17,13,0.7
14,30,13,0.9
17,20,13,0.7
20,57,13,0.9
20,96,13,0.7
20,116,13,0.7
30,62,13,0.9
41,125,13,0.9
56,57,13,0.7
57,70,13,0.7
57,124,13,0.7
65,104,13,0.9
65,116,13,0.9
70,96,13,0.7
70,116,13,0.7
96,119,13,0.7
104,116,13,0.9
2,9,5,0.9
2,11,5,0.9
2,19,5,0.9
2,20,5,0.9
2,32,5,0.9
2,35,5,0.9
2,36,5,0.9
2,65,5,0.9
2,66,5,0.9
2,70,5,0.9
2,96,5,0.9
2,97,5,0.7
2,104,5,0.9
2,111,5,0.9
2,116,5,0.9
3,5,5,0.7
3,10,5,0.7
9,11,5,0.9
9,19,5,0.9
9,20,5,0.9
9,66,5,0.9
9,70,5,0.9
9,96,5,0.9
9,104,5,0.9
9,111,5,0.9
10,56,5,0.9
11,19,5,0.9
11,20,5,0.9
11,25,5,0.9
11,66,5,0.9
11,70,5,0.9
11,84,5,0.9
11,96,5,0.9
11,97,5,0.9
11,101,5,0.9
11,104,5,0.9
11,111,5,0.9
12,46,5,0.7
13,17,5,0.9
13,19,5,0.9
13,20,5,0.9
13,44,5,0.9
13,58,5,0.9
13,63,5,0.9
13,65,5,0.9
13,66,5,0.9
13,70,5,0.9
13,104,5,0.9
13,116,5,0.9
13,124,5,0.9
16,88,5,0.7
17,19,5,0.9
17,20,5,0.9
17,36,5,0.9
17,58,5,0.9
17,62,5,0.9
17,65,5,0.9
17,66,5,0.9
17,70,5,0.9
17,84,5,0.9
17,97,5,0.9
17,104,5,0.9
17,116,5,0.9
17,124,5,0.9
19,20,5,0.9
19,25,5,0.9
19,32,5,0.9
19,35,5,0.9
19,36,5,0.9
19,44,5,0.9
19,47,5,0.9
19,58,5,0.9
19,62,5,0.9
19,63,5,0.9
19,65,5,0.9
19,66,5,0.9
19,70,5,0.9
19,78,5,0.9
19,84,5,0.9
19,86,5,0.9
19,87,5,0.9
19,89,5,0.9
19,96,5,0.9
19,97,5,0.9
19,101,5,0.9
19,104,5,0.9
19,111,5,0.9
19,116,5,0.9
19,117,5,0.9
19,124,5,0.9
20,36,5,0.9
20,44,5,0.9
20,47,5,0.9
20,58,5,0.9
20,63,5,0.9
20,65,5,0.9
20,66,5,0.9
20,70,5,0.9
20,78,5,0.9
20,86,5,0.9
20,87,5,0.9
20,89,5,0.9
20,96,5,0.9
20,97,5,0.9
20,104,5,0.9
20,111,5,0.9
20,116,5,0.9
20,124,5,0.9
25,66,5,0.9
25,70,5,0.9
25,84,5,0.9
25,97,5,0.9
25,101,5,0.9
32,35,5,0.9
32,66,5,0.9
32,70,5,0.9
32,96,5,0.9
35,44,5,0.7
35,66,5,0.9
35,70,5,0.9
35,96,5,0.9
36,62,5,0.9
36,65,5,0.9
36,66,5,0.9
36,70,5,0.9
36,84,5,0.9
36,97,5,0.9
36,104,5,0.9
36,116,5,0.9
41,125,5,0.9
44,58,5,0.9
44,63,5,0.9
44,66,5,0.9
44,70,5,0.9
44,104,5,0.9
44,111,5,0.7
44,124,5,0.9
47,65,5,0.9
47,66,5,0.9
47,70,5,0.9
47,78,5,0.9
47,86,5,0.9
47,87,5,0.9
47,89,5,0.9
47,104,5,0.9
47,116,5,0.9
56,111,5,0.9
58,63,5,0.9
58,65,5,0.9
58,66,5,0.9
58,70,5,0.9
58,80,5,0.5
58,84,5,0.9
58,97,5,0.9
58,104,5,0.9
58,116,5,0.9
58,124,5,0.9
62,65,5,0.9
62,66,5,0.9
62,70,5,0.9
62,84,5,0.9
62,104,5,0.9
62,116,5,0.9
62,117,5,0.9
63,66,5,0.9
63,70,5,0.9
63,97,5,0.9
63,104,5,0.9
63,124,5,0.9
65,66,5,0.9
65,70,5,0.9
65,78,5,0.9
65,84,5,0.9
65,86,5,0.9
65,87,5,0.9
65,89,5,0.9
65,97,5,0.9
65,104,5,0.9
65,116,5,0.9
65,117,5,0.9
65,124,5,0.9
66,70,5,0.9
66,78,5,0.9
66,84,5,0.9
66,86,5,0.9
66,87,5,0.9
66,89,5,0.9
66,91,5,0.7
66,96,5,0.9
66,97,5,0.9
66,101,5,0.9
66,104,5,0.9
66,111,5,0.9
66,116,5,0.9
66,117,5,0.9
66,124,5,0.9
70,78,5,0.9
70,84,5,0.9
70,86,5,0.9
70,87,5,0.9
70,89,5,0.9
70,94,5,0.5
70,96,5,0.9
70,97,5,0.9
70,101,5,0.9
70,104,5,0.9
70,111,5,0.9
70,116,5,0.9
70,117,5,0.9
70,124,5,0.9
74,78,5,0.9
74,87,5,0.9
78,86,5,0.9
78,87,5,0.9
78,89,5,0.9
78,104,5,0.9
78,116,5,0.9
84,97,5,0.9
84,101,5,0.9
84,104,5,0.9
84,116,5,0.9
84,117,5,0.9
86,87,5,0.9
86,89,5,0.9
86,104,5,0.9
86,116,5,0.9
87,89,5,0.9
87,104,5,0.9
87,116,5,0.9
89,104,5,0.9
89,116,5,0.9
95,105,5,0.7
96,104,5,0.9
96,111,5,0.9
97,101,5,0.9
97,104,5,0.9
97,111,5,0.7
97,116,5,0.9
97,124,5,0.9
104,111,5,0.9
104,116,5,0.9
104,117,5,0.9
104,124,5,0.9
116,117,5,0.9
116,124,5,0.9
2,3,0,0.9
2,5,0,0.9
2,7,0,0.9
2,8,0,0.9
2,9,0,0.9
2,10,0,0.9
2,11,0,0.9
2,12,0,0.9
2,13,0,0.9
2,14,0,0.9
2,16,0,0.9
2,17,0,0.9
2,18,0,0.9
2,19,0,0.9
2,20,0,0.9
2,28,0,0.9
2,30,0,0.9
2,32,0,0.9
2,35,0,0.9
2,36,0,0.9
2,40,0,0.9
2,41,0,0.9
2,42,0,0.9
2,44,0,0.9
2,46,0,0.9
2,51,0,0.9
2,56,0,0.9
2,57,0,0.9
2,58,0,0.9
2,62,0,0.9
2,63,0,0.9
2,65,0,0.9
2,66,0,0.9
2,70,0,0.9
2,74,0,0.9
2,78,0,0.9
2,80,0,0.9
2,84,0,0.9
2,86,0,0.9
2,88,0,0.9
2,90,0,0.9
2,94,0,0.9
2,95,0,0.9
2,96,0,0.9
2,97,0,0.9
2,98,0,0.9
2,101,0,0.9
2,102,0,0.9
2,104,0,0.9
2,105,0,0.9
2,107,0,0.9
2,108,0,0.9
2,111,0,0.9
2,116,0,0.9
2,117,0,0.9
2,122,0,0.9
2,124,0,0.9
2,125,0,0.9
3,5,0,0.9
3,7,0,0.9
3,8,0,0.9
3,9,0,0.9
3,10,0,0.9
3,11,0,0.9
3,12,0,0.9
3,13,0,0.9
3,14,0,0.9
3,16,0,0.9
3,17,0,0.9
3,18,0,0.9
3,19,0,0.9
3,20,0,0.9
3,28,0,0.9
3,30,0,0.9
3,32,0,0.9
3,35,0,0.9
3,36,0,0.9
3,40,0,0.9
3,41,0,0.9
3,42,0,0.9
3,44,0,0.9
3,46,0,0.9
3,51,0,0.9
3,56,0,0.9
3,57,0,0.9
3,58,0,0.9
3,62,0,0.9
3,63,0,0.9
3,65,0,0.9
3,66,0,0.9
3,70,0,0.9
3,74,0,0.9
3,78,0,0.9
3,80,0,0.9
3,84,0,0.9
3,86,0,0.9
3,88,0,0.9
3,90,0,0.9
3,94,0,0.9
3,95,0,0.9
3,96,0,0.9
3,97,0,0.9
3,98,0,0.9
3,101,0,0.9
3,102,0,0.9
3,104,0,0.9
3,105,0,0.9
3,107,0,0.9
3,108,0,0.9
3,111,0,0.9
3,116,0,0.9
3,117,0,0.9
3,122,0,0.9
3,124,0,0.9
3,125,0,0.9
5,7,0,0.9
5,8,0,0.9
5,9,0,0.9
5,10,0,0.9
5,11,0,0.9
5,12,0,0.9
5,13,0,0.9
5,14,0,0.9
5,16,0,0.9
5,17,0,0.9
5,18,0,0.9
5,19,0,0.9
5,20,0,0.9
5,28,0,0.9
5,30,0,0.9
5,32,0,0.9
5,35,0,0.9
5,36,0,0.9
5,40,0,0.9
5,41,0,0.9
5,42,0,0.9
5,44,0,0.9
5,46,0,0.9
5,51,0,0.9
5,56,0,0.9
5,57,0,0.9
5,58,0,0.9
5,62,0,0.9
5,63,0,0.9
5,65,0,0.9
5,66,0,0.9
5,70,0,0.9
5,74,0,0.9
5,78,0,0.9
5,80,0,0.9
5,84,0,0.9
5,86,0,0.9
5,88,0,0.9
5,90,0,0.9
5,94,0,0.9
5,95,0,0.9
5,96,0,0.9
5,97,0,0.9
5,98,0,0.9
5,101,0,0.9
5,102,0,0.9
5,104,0,0.9
5,105,0,0.9
5,107,0,0.9
5,108,0,0.9
5,111,0,0.9
5,116,0,0.9
5,117,0,0.9
5,122,0,0.9
5,124,0,0.9
5,125,0,0.9
7,8,0,0.9
7,9,0,0.9
7,10,0,0.9
7,11,0,0.9
7,12,0,0.9
7,13,0,0.9
7,14,0,0.9
7,16,0,0.9
7,17,0,0.9
7,18,0,0.9
7,19,0,0.9
7,20,0,0.9
7,28,0,0.9
7,30,0,0.9
7,32,0,0.9
7,35,0,0.9
7,36,0,0.9
7,40,0,0.9
7,41,0,0.9
7,42,0,0.9
7,44,0,0.9
7,46,0,0.9
7,51,0,0.9
7,56,0,0.9
7,57,0,0.9
7,58,0,0.9
7,62,0,0.9
7,63,0,0.9
7,65,0,0.9
7,66,0,0.9
7,70,0,0.9
7,74,0,0.9
7,78,0,0.9
7,80,0,0.9
7,84,0,0.9
7,86,0,0.9
7,88,0,0.9
7,90,0,0.9
7,94,0,0.9
7,95,0,0.9
7,96,0,0.9
7,97,0,0.9
7,98,0,0.9
7,101,0,0.9
7,102,0,0.9
7,104,0,0.9
7,105,0,0.9
7,107,0,0.9
7,108,0,0.9
7,111,0,0.9
7,116,0,0.9
7,117,0,0.9
7,122,0,0.9
7,124,0,0.9
7,125,0,0.9
8,9,0,0.9
8,10,0,0.9
8,11,0,0.9
8,12,0,0.9
8,13,0,0.9
8,14,0,0.9
8,16,0,0.9
8,17,0,0.9
8,18,0,0.9
8,19,0,0.9
8,20,0,0.9
8,28,0,0.9
8,30,0,0.9
8,32,0,0.9
8,35,0,0.9
8,36,0,0.9
8,40,0,0.9
8,41,0,0.9
8,42,0,0.9
8,44,0,0.9
8,46,0,0.9
8,51,0,0.9
8,56,0,0.9
8,57,0,0.9
8,58,0,0.9
8,62,0,0.9
8,63,0,0.9
8,65,0,0.9
8,66,0,0.9
8,70,0,0.9
8,74,0,0.9
8,78,0,0.9
8,80,0,0.9
8,84,0,0.9
8,86,0,0.9
8,88,0,0.9
8,90,0,0.9
8,94,0,0.9
8,95,0,0.9
8,96,0,0.9
8,97,0,0.9
8,98,0,0.9
8,101,0,0.9
8,102,0,0.9
8,104,0,0.9
8,105,0,0.9
8,107,0,0.9
8,108,0,0.9
8,111,0,0.9
8,116,0,0.9
8,117,0,0.9
8,122,0,0.9
8,124,0,0.9
8,125,0,0.9
9,10,0,0.9
9,11,0,0.9
9,12,0,0.9
9,13,0,0.9
9,14,0,0.9
9,16,0,0.9
9,17,0,0.9
9,18,0,0.9
9,19,0,0.9
9,20,0,0.9
9,28,0,0.9
9,30,0,0.9
9,32,0,0.9
9,35,0,0.9
9,36,0,0.9
9,40,0,0.9
9,41,0,0.9
9,42,0,0.9
9,44,0,0.9
9,46,0,0.9
9,51,0,0.9
9,56,0,0.9
9,57,0,0.9
9,58,0,0.9
9,62,0,0.9
9,63,0,0.9
9,65,0,0.9
9,66,0,0.9
9,70,0,0.9
9,74,0,0.9
9,78,0,0.9
9,80,0,0.9
9,84,0,0.9
9,86,0,0.9
9,88,0,0.9
9,90,0,0.9
9,94,0,0.9
9,95,0,0.9
9,96,0,0.9
9,97,0,0.9
9,98,0,0.9
9,101,0,0.9
9,102,0,0.9
9,104,0,0.9
9,105,0,0.9
9,107,0,0.9
9,108,0,0.9
9,111,0,0.9
9,116,0,0.9
9,117,0,0.9
9,122,0,0.9
9,124,0,0.9
9,125,0,0.9
10,11,0,0.9
10,12,0,0.9
10,13,0,0.9
10,14,0,0.9
10,16,0,0.9
10,17,0,0.9
10,18,0,0.9
10,19,0,0.9
10,20,0,0.9
10,28,0,0.9
10,30,0,0.9
10,32,0,0.9
10,35,0,0.9
10,36,0,0.9
10,40,0,0.9
10,41,0,0.9
10,42,0,0.9
10,44,0,0.9
10,46,0,0.9
10,51,0,0.9
10,56,0,0.9
10,57,0,0.9
10,58,0,0.9
10,62,0,0.9
10,63,0,0.9
10,65,0,0.9
10,66,0,0.9
10,70,0,0.9
10,74,0,0.9
10,78,0,0.9
10,80,0,0.9
10,84,0,0.9
10,86,0,0.9
10,88,0,0.9
10,90,0,0.9
10,94,0,0.9
10,95,0,0.9
10,96,0,0.9
10,97,0,0.9
10,98,0,0.9
10,101,0,0.9
10,102,0,0.9
10,104,0,0.9
10,105,0,0.9
10,107,0,0.9
10,108,0,0.9
10,111,0,0.9
10,116,0,0.9
10,117,0,0.9
10,122,0,0.9
10,124,0,0.9
10,125,0,0.9
11,12,0,0.9
11,13,0,0.9
11,14,0,0.9
11,16,0,0.9
11,17,0,0.9
11,18,0,0.9
11,19,0,0.9
11,20,0,0.9
11,25,0,0.9
11,28,0,0.9
11,30,0,0.9
11,32,0,0.9
11,35,0,0.9
11,36,0,0.9
11,40,0,0.9
11,41,0,0.9
11,42,0,0.9
11,44,0,0.9
11,46,0,0.9
11,51,0,0.9
11,56,0,0.9
11,57,0,0.9
11,58,0,0.9
11,62,0,0.9
11,63,0,0.9
11,65,0,0.9
11,66,0,0.9
11,70,0,0.9
11,74,0,0.9
11,78,0,0.9
11,80,0,0.9
11,81,0,0.9
11,84,0,0.9
11,86,0,0.9
11,88,0,0.9
11,90,0,0.9
11,94,0,0.9
11,95,0,0.9
11,96,0,0.9
11,97,0,0.9
11,98,0,0.9
11,101,0,0.9
11,102,0,0.9
11,104,0,0.9
11,105,0,0.9
11,106,0,0.9
11,107,0,0.9
11,108,0,0.9
11,111,0,0.9
11,116,0,0.9
11,117,0,0.9
11,122,0,0.9
11,124,0,0.9
11,125,0,0.9
12,13,0,0.9
12,14,0,0.9
12,16,0,0.9
12,17,0,0.9
12,18,0,0.9
12,19,0,0.9
12,20,0,0.9
12,28,0,0.9
12,30,0,0.9
12,32,0,0.9
12,35,0,0.9
12,36,0,0.9
12,40,0,0.9
12,41,0,0.9
12,42,0,0.9
12,44,0,0.9
12,46,0,0.9
12,51,0,0.9
12,56,0,0.9
12,57,0,0.9
12,58,0,0.9
12,62,0,0.9
12,63,0,0.9
12,65,0,0.9
12,66,0,0.9
12,70,0,0.9
12,74,0,0.9
12,78,0,0.9
12,80,0,0.9
12,84,0,0.9
12,86,0,0.9
12,88,0,0.9
12,90,0,0.9
12,94,0,0.9
12,95,0,0.9
12,96,0,0.9
12,97,0,0.9
12,98,0,0.9
12,101,0,0.9
12,102,0,0.9
12,104,0,0.9
12,105,0,0.9
12,107,0,0.9
12,108,0,0.9
12,111,0,0.9
12,116,0,0.9
12,117,0,0.9
12,122,0,0.9
12,124,0,0.9
12,125,0,0.9
13,14,0,0.9
13,16,0,0.9
13,17,0,0.9
13,18,0,0.9
13,19,0,0.9
13,20,0,0.9
13,28,0,0.9
13,30,0,0.9
13,32,0,0.9
13,35,0,0.9
13,36,0,0.9
13,40,0,0.9
13,41,0,0.9
13,42,0,0.9
13,44,0,0.9
13,46,0,0.9
13,51,0,0.9
13,56,0,0.9
13,57,0,0.9
13,58,0,0.9
13,62,0,0.9
13,63,0,0.9
13,65,0,0.9
13,66,0,0.9
13,70,0,0.9
13,74,0,0.9
13,78,0,0.9
13,80,0,0.9
13,84,0,0.9
13,86,0,0.9
13,88,0,0.9
13,90,0,0.9
13,94,0,0.9
13,95,0,0.9
13,96,0,0.9
13,97,0,0.9
13,98,0,0.9
13,101,0,0.9
13,102,0,0.9
13,104,0,0.9
13,105,0,0.9
13,107,0,0.9
13,108,0,0.9
13,111,0,0.9
13,116,0,0.9
13,117,0,0.9
13,122,0,0.9
13,124,0,0.9
13,125,0,0.9
14,16,0,0.9
14,17,0,0.9
14,18,0,0.9
14,19,0,0.9
14,20,0,0.9
14,28,0,0.9
14,30,0,0.9
14,32,0,0.9
14,35,0,0.9
14,36,0,0.9
14,40,0,0.9
14,41,0,0.9
14,42,0,0.9
14,44,0,0.9
14,46,0,0.9
14,51,0,0.9
14,56,0,0.9
14,57,0,0.9
14,58,0,0.9
14,62,0,0.9
14,63,0,0.9
14,65,0,0.9
14,66,0,0.9
14,70,0,0.9
14,74,0,0.9
14,78,0,0.9
14,80,0,0.9
14,84,0,0.9
14,86,0,0.9
14,88,0,0.9
14,90,0,0.9
14,94,0,0.9
14,95,0,0.9
14,96,0,0.9
14,97,0,0.9
14,98,0,0.9
14,101,0,0.9
14,102,0,0.9
14,104,0,0.9
14,105,0,0.9
14,107,0,0.9
14,108,0,0.9
14,111,0,0.9
14,116,0,0.9
14,117,0,0.9
14,122,0,0.9
14,124,0,0.9
14,125,0,0.9
15,19,0,0.9
15,20,0,0.9
15,25,0,0.9
15,55,0,0.9
15,56,0,0.9
15,62,0,0.9
15,65,0,0.9
15,66,0,0.9
15,70,0,0.9
15,81,0,0.9
15,84,0,0.9
15,97,0,0.9
15,104,0,0.9
15,116,0,0.9
15,117,0,0.9
16,17,0,0.9
16,18,0,0.9
16,19,0,0.9
16,20,0,0.9
16,28,0,0.9
16,30,0,0.9
16,32,0,0.9
16,35,0,0.9
16,36,0,0.9
16,40,0,0.9
16,41,0,0.9
16,42,0,0.9
16,44,0,0.9
16,46,0,0.9
16,51,0,0.9
16,56,0,0.9
16,57,0,0.9
16,58,0,0.9
16,62,0,0.9
16,63,0,0.9
16,65,0,0.9
16,66,0,0.9
16,70,0,0.9
16,74,0,0.9
16,78,0,0.9
16,80,0,0.9
16,84,0,0.9
16,86,0,0.9
16,88,0,0.9
16,90,0,0.9
16,94,0,0.9
16,95,0,0.9
16,96,0,0.9
16,97,0,0.9
16,98,0,0.9
16,101,0,0.9
16,102,0,0.9
16,104,0,0.9
16,105,0,0.9
16,107,0,0.9
16,108,0,0.9
16,111,0,0.9
16,116,0,0.9
16,117,0,0.9
16,122,0,0.9
16,124,0,0.9
16,125,0,0.9
17,18,0,0.9
17,19,0,0.9
17,20,0,0.9
17,25,0,0.9
17,28,0,0.9
17,30,0,0.9
17,32,0,0.9
17,35,0,0.9
17,36,0,0.9
17,40,0,0.9
17,41,0,0.9
17,42,0,0.9
17,44,0,0.9
17,46,0,0.9
17,47,0,0.9
17,51,0,0.9
17,56,0,0.9
17,57,0,0.9
17,58,0,0.9
17,62,0,0.9
17,63,0,0.9
17,65,0,0.9
17,66,0,0.9
17,70,0,0.9
17,74,0,0.9
17,78,0,0.9
17,80,0,0.9
17,84,0,0.9
17,86,0,0.9
17,87,0,0.9
17,88,0,0.9
17,89,0,0.9
17,90,0,0.9
17,94,0,0.9
17,95,0,0.9
17,96,0,0.9
17,97,0,0.9
17,98,0,0.9
17,101,0,0.9
17,102,0,0.9
17,104,0,0.9
17,105,0,0.9
17,107,0,0.9
17,108,0,0.9
17,111,0,0.9
17,116,0,0.9
17,117,0,0.9
17,122,0,0.9
17,124,0,0.9
17,125,0,0.9
18,19,0,0.9
18,20,0,0.9
18,28,0,0.9
18,30,0,0.9
18,32,0,0.9
18,35,0,0.9
18,36,0,0.9
18,40,0,0.9
18,41,0,0.9
18,42,0,0.9
18,44,0,0.9
18,46,0,0.9
18,51,0,0.9
18,56,0,0.9
18,57,0,0.9
18,58,0,0.9
18,62,0,0.9
18,63,0,0.9
18,65,0,0.9
18,66,0,0.9
18,70,0,0.9
18,74,0,0.9
18,78,0,0.9
18,80,0,0.9
18,84,0,0.9
18,86,0,0.9
18,88,0,0.9
18,90,0,0.9
18,94,0,0.9
18,95,0,0.9
18,96,0,0.9
18,97,0,0.9
18,98,0,0.9
18,101,0,0.9
18,102,0,0.9
18,104,0,0.9
18,105,0,0.9
18,107,0,0.9
18,108,0,0.9
18,111,0,0.9
18,116,0,0.9
18,117,0,0.9
18,122,0,0.9
18,124,0,0.9
18,125,0,0.9
19,20,0,0.9
19,25,0,0.9
19,28,0,0.9
19,30,0,0.9
19,32,0,0.9
19,35,0,0.9
19,36,0,0.9
19,40,0,0.9
19,41,0,0.9
19,42,0,0.9
19,44,0,0.9
19,46,0,0.9
19,47,0,0.9
19,51,0,0.9
19,55,0,0.9
19,56,0,0.9
19,57,0,0.9
19,58,0,0.9
19,62,0,0.9
19,63,0,0.9
19,65,0,0.9
19,66,0,0.9
19,70,0,0.9
19,74,0,0.9
19,78,0,0.9
19,80,0,0.9
19,81,0,0.9
19,84,0,0.9
19,86,0,0.9
19,87,0,0.9
19,88,0,0.9
19,89,0,0.9
19,90,0,0.9
19,94,0,0.9
19,95,0,0.9
19,96,0,0.9
19,97,0,0.9
19,98,0,0.9
19,101,0,0.9
19,102,0,0.9
19,104,0,0.9
19,105,0,0.9
19,106,0,0.9
19,107,0,0.9
19,108,0,0.9
19,111,0,0.9
19,116,0,0.9
19,117,0,0.9
19,122,0,0.9
19,124,0,0.9
19,125,0,0.9
20,25,0,0.9
20,28,0,0.9
20,30,0,0.9
20,32,0,0.9
20,35,0,0.9
20,36,0,0.9
20,40,0,0.9
20,41,0,0.9
20,42,0,0.9
20,44,0,0.9
20,46,0,0.9
20,47,0,0.9
20,51,0,0.9
20,56,0,0.9
20,57,0,0.9
20,58,0,0.9
20,62,0,0.9
20,63,0,0.9
20,65,0,0.9
20,66,0,0.9
20,70,0,0.9
20,74,0,0.9
20,78,0,0.9
20,80,0,0.9
20,84,0,0.9
20,86,0,0.9
20,87,0,0.9
20,88,0,0.9
20,90,0,0.9
20,94,0,0.9
20,95,0,0.9
20,96,0,0.9
20,97,0,0.9
20,98,0,0.9
20,101,0,0.9
20,102,0,0.9
20,104,0,0.9
20,105,0,0.9
20,107,0,0.9
20,108,0,0.9
20,111,0,0.9
20,116,0,0.9
20,117,0,0.9
20,122,0,0.9
20,124,0,0.9
20,125,0,0.9
25,36,0,0.9
25,55,0,0.9
25,65,0,0.9
25,66,0,0.9
25,70,0,0.9
25,81,0,0.9
25,84,0,0.9
25,97,0,0.9
25,104,0,0.9
25,106,0,0.9
25,116,0,0.9
28,30,0,0.9
28,32,0,0.9
28,35,0,0.9
28,36,0,0.9
28,40,0,0.9
28,41,0,0.9
28,42,0,0.9
28,44,0,0.9
28,46,0,0.9
28,51,0,0.9
28,56,0,0.9
28,57,0,0.9
28,58,0,0.9
28,62,0,0.9
28,63,0,0.9
28,65,0,0.9
28,66,0,0.9
28,70,0,0.9
28,74,0,0.9
28,78,0,0.9
28,80,0,0.9
28,84,0,0.9
28,86,0,0.9
28,88,0,0.9
28,90,0,0.9
28,94,0,0.9
28,95,0,0.9
28,96,0,0.9
28,97,0,0.9
28,98,0,0.9
28,101,0,0.9
28,102,0,0.9
28,104,0,0.9
28,105,0,0.9
28,107,0,0.9
28,108,0,0.9
28,111,0,0.9
28,116,0,0.9
28,117,0,0.9
28,122,0,0.9
28,124,0,0.9
28,125,0,0.9
30,32,0,0.9
30,35,0,0.9
30,36,0,0.9
30,40,0,0.9
30,41,0,0.9
30,42,0,0.9
30,44,0,0.9
30,46,0,0.9
30,51,0,0.9
30,56,0,0.9
30,57,0,0.9
30,58,0,0.9
30,62,0,0.9
30,63,0,0.9
30,65,0,0.9
30,66,0,0.9
30,70,0,0.9
30,74,0,0.9
30,78,0,0.9
30,80,0,0.9
30,84,0,0.9
30,86,0,0.9
30,88,0,0.9
30,90,0,0.9
30,94,0,0.9
30,95,0,0.9
30,96,0,0.9
30,97,0,0.9
30,98,0,0.9
30,101,0,0.9
30,102,0,0.9
30,104,0,0.9
30,105,0,0.9
30,107,0,0.9
30,108,0,0.9
30,111,0,0.9
30,116,0,0.9
30,117,0,0.9
30,122,0,0.9
30,124,0,0.9
30,125,0,0.9
32,35,0,0.9
32,36,0,0.9
32,40,0,0.9
32,41,0,0.9
32,42,0,0.9
32,44,0,0.9
32,46,0,0.9
32,51,0,0.9
32,56,0,0.9
32,57,0,0.9
32,58,0,0.9
32,62,0,0.9
32,63,0,0.9
32,65,0,0.9
32,66,0,0.9
32,70,0,0.9
32,74,0,0.9
32,78,0,0.9
32,80,0,0.9
32,84,0,0.9
32,86,0,0.9
32,88,0,0.9
32,90,0,0.9
32,94,0,0.9
32,95,0,0.9
32,96,0,0.9
32,97,0,0.9
32,98,0,0.9
32,101,0,0.9
32,102,0,0.9
32,104,0,0.9
32,105,0,0.9
32,107,0,0.9
32,108,0,0.9
32,111,0,0.9
32,116,0,0.9
32,117,0,0.9
32,122,0,0.9
32,124,0,0.9
32,125,0,0.9
35,36,0,0.9
35,40,0,0.9
35,41,0,0.9
35,42,0,0.9
35,44,0,0.9
35,46,0,0.9
35,51,0,0.9
35,56,0,0.9
35,57,0,0.9
35,58,0,0.9
35,62,0,0.9
35,63,0,0.9
35,65,0,0.9
35,66,0,0.9
35,70,0,0.9
35,74,0,0.9
35,78,0,0.9
35,80,0,0.9
35,84,0,0.9
35,86,0,0.9
35,88,0,0.9
35,90,0,0.9
35,94,0,0.9
35,95,0,0.9
35,96,0,0.9
35,97,0,0.9
35,98,0,0.9
35,101,0,0.9
35,102,0,0.9
35,104,0,0.9
35,105,0,0.9
35,107,0,0.9
35,108,0,0.9
35,111,0,0.9
35,116,0,0.9
35,117,0,0.9
35,122,0,0.9
35,124,0,0.9
35,125,0,0.9
36,40,0,0.9
36,41,0,0.9
36,42,0,0.9
36,44,0,0.9
36,46,0,0.9
36,47,0,0.9
36,51,0,0.9
36,56,0,0.9
36,57,0,0.9
36,58,0,0.9
36,62,0,0.9
36,63,0,0.9
36,65,0,0.9
36,66,0,0.9
36,70,0,0.9
36,74,0,0.9
36,78,0,0.9
36,80,0,0.9
36,84,0,0.9
36,86,0,0.9
36,87,0,0.9
36,88,0,0.9
36,89,0,0.9
36,90,0,0.9
36,94,0,0.9
36,95,0,0.9
36,96,0,0.9
36,97,0,0.9
36,98,0,0.9
36,101,0,0.9
36,102,0,0.9
36,104,0,0.9
36,105,0,0.9
36,107,0,0.9
36,108,0,0.9
36,111,0,0.9
36,116,0,0.9
36,117,0,0.9
36,122,0,0.9
36,124,0,0.9
36,125,0,0.9
40,41,0,0.9
40,42,0,0.9
40,44,0,0.9
40,46,0,0.9
40,51,0,0.9
40,56,0,0.9
40,57,0,0.9
40,58,0,0.9
40,62,0,0.9
40,63,0,0.9
40,65,0,0.9
40,66,0,0.9
40,70,0,0.9
40,74,0,0.9
40,78,0,0.9
40,80,0,0.9
40,84,0,0.9
40,86,0,0.9
40,88,0,0.9
40,90,0,0.9
40,94,0,0.9
40,95,0,0.9
40,96,0,0.9
40,97,0,0.9
40,98,0,0.9
40,101,0,0.9
40,102,0,0.9
40,104,0,0.9
40,105,0,0.9
40,107,0,0.9
40,108,0,0.9
40,111,0,0.9
40,116,0,0.9
40,117,0,0.9
40,122,0,0.9
40,124,0,0.9
40,125,0,0.9
41,42,0,0.9
41,44,0,0.9
41,46,0,0.9
41,47,0,0.9
41,51,0,0.9
41,56,0,0.9
41,57,0,0.9
41,58,0,0.9
41,62,0,0.9
41,63,0,0.9
41,65,0,0.9
41,66,0,0.9
41,70,0,0.9
41,74,0,0.9
41,78,0,0.9
41,80,0,0.9
41,84,0,0.9
41,86,0,0.9
41,88,0,0.9
41,90,0,0.9
41,94,0,0.9
41,95,0,0.9
41,96,0,0.9
41,97,0,0.9
41,98,0,0.9
41,101,0,0.9
41,102,0,0.9
41,104,0,0.9
41,105,0,0.9
41,107,0,0.9
41,108,0,0.9
41,111,0,0.9
41,116,0,0.9
41,117,0,0.9
41,122,0,0.9
41,124,0,0.9
41,125,0,0.9
42,44,0,0.9
42,46,0,0.9
42,51,0,0.9
42,56,0,0.9
42,57,0,0.9
42,58,0,0.9
42,62,0,0.9
42,63,0,0.9
42,65,0,0.9
42,66,0,0.9
42,70,0,0.9
42,74,0,0.9
42,78,0,0.9
42,80,0,0.9
42,84,0,0.9
42,86,0,0.9
42,88,0,0.9
42,90,0,0.9
42,94,0,0.9
42,95,0,0.9
42,96,0,0.9
42,97,0,0.9
42,98,0,0.9
42,101,0,0.9
42,102,0,0.9
42,104,0,0.9
42,105,0,0.9
42,107,0,0.9
42,108,0,0.9
42,111,0,0.9
42,116,0,0.9
42,117,0,0.9
42,122,0,0.9
42,124,0,0.9
42,125,0,0.9
44,46,0,0.9
44,51,0,0.9
44,56,0,0.9
44,57,0,0.9
44,58,0,0.9
44,62,0,0.9
44,63,0,0.9
44,65,0,0.9
44,66,0,0.9
44,70,0,0.9
44,74,0,0.9
44,78,0,0.9
44,80,0,0.9
44,84,0,0.9
44,86,0,0.9
44,88,0,0.9
44,90,0,0.9
44,94,0,0.9
44,95,0,0.9
44,96,0,0.9
44,97,0,0.9
44,98,0,0.9
44,101,0,0.9
44,102,0,0.9
44,104,0,0.9
44,105,0,0.9
44,107,0,0.9
44,108,0,0.9
44,111,0,0.9
44,116,0,0.9
44,117,0,0.9
44,122,0,0.9
44,124,0,0.9
44,125,0,0.9
46,51,0,0.9
46,56,0,0.9
46,57,0,0.9
46,58,0,0.9
46,62,0,0.9
46,63,0,0.9
46,65,0,0.9
46,66,0,0.9
46,70,0,0.9
46,74,0,0.9
46,78,0,0.9
46,80,0,0.9
46,84,0,0.9
46,86,0,0.9
46,88,0,0.9
46,90,0,0.9
46,94,0,0.9
46,95,0,0.9
46,96,0,0.9
46,97,0,0.9
46,98,0,0.9
46,101,0,0.9
46,102,0,0.9
46,104,0,0.9
46,105,0,0.9
46,107,0,0.9
46,108,0,0.9
46,111,0,0.9
46,116,0,0.9
46,117,0,0.9
46,122,0,0.9
46,124,0,0.9
46,125,0,0.9
47,65,0,0.9
47,66,0,0.9
47,70,0,0.9
47,74,0,0.9
47,78,0,0.9
47,86,0,0.9
47,87,0,0.9
47,89,0,0.9
47,97,0,0.9
47,104,0,0.9
47,111,0,0.9
47,116,0,0.9
47,125,0,0.9
51,56,0,0.9
51,57,0,0.9
51,58,0,0.9
51,62,0,0.9
51,63,0,0.9
51,65,0,0.9
51,66,0,0.9
51,70,0,0.9
51,74,0,0.9
51,78,0,0.9
51,80,0,0.9
51,84,0,0.9
51,86,0,0.9
51,88,0,0.9
51,90,0,0.9
51,94,0,0.9
51,95,0,0.9
51,96,0,0.9
51,97,0,0.9
51,98,0,0.9
51,101,0,0.9
51,102,0,0.9
51,104,0,0.9
51,105,0,0.9
51,107,0,0.9
51,108,0,0.9
51,111,0,0.9
51,116,0,0.9
51,117,0,0.9
51,122,0,0.9
51,124,0,0.9
51,125,0,0.9
55,65,0,0.9
55,66,0,0.9
55,70,0,0.9
55,81,0,0.9
55,84,0,0.9
55,97,0,0.9
55,104,0,0.9
55,116,0,0.9
56,57,0,0.9
56,58,0,0.9
56,62,0,0.9
56,63,0,0.9
56,65,0,0.9
56,66,0,0.9
56,70,0,0.9
56,74,0,0.9
56,78,0,0.9
56,80,0,0.9
56,84,0,0.9
56,86,0,0.9
56,88,0,0.9
56,90,0,0.9
56,94,0,0.9
56,95,0,0.9
56,96,0,0.9
56,97,0,0.9
56,98,0,0.9
56,101,0,0.9
56,102,0,0.9
56,104,0,0.9
56,105,0,0.9
56,107,0,0.9
56,108,0,0.9
56,111,0,0.9
56,116,0,0.9
56,117,0,0.9
56,122,0,0.9
56,124,0,0.9
56,125,0,0.9
57,58,0,0.9
57,62,0,0.9
57,63,0,0.9
57,65,0,0.9
57,66,0,0.9
57,70,0,0.9
57,74,0,0.9
57,78,0,0.9
57,80,0,0.9
57,84,0,0.9
57,86,0,0.9
57,88,0,0.9
57,90,0,0.9
57,94,0,0.9
57,95,0,0.9
57,96,0,0.9
57,97,0,0.9
57,98,0,0.9
57,101,0,0.9
57,102,0,0.9
57,104,0,0.9
57,105,0,0.9
57,107,0,0.9
57,108,0,0.9
57,111,0,0.9
57,116,0,0.9
57,117,0,0.9
57,122,0,0.9
57,124,0,0.9
57,125,0,0.9
58,62,0,0.9
58,63,0,0.9
58,65,0,0.9
58,66,0,0.9
58,70,0,0.9
58,74,0,0.9
58,78,0,0.9
58,80,0,0.9
58,84,0,0.9
58,86,0,0.9
58,88,0,0.9
58,90,0,0.9
58,94,0,0.9
58,95,0,0.9
58,96,0,0.9
58,97,0,0.9
58,98,0,0.9
58,101,0,0.9
58,102,0,0.9
58,104,0,0.9
58,105,0,0.9
58,107,0,0.9
58,108,0,0.9
58,111,0,0.9
58,116,0,0.9
58,117,0,0.9
58,122,0,0.9
58,124,0,0.9
58,125,0,0.9
62,63,0,0.9
62,65,0,0.9
62,66,0,0.9
62,70,0,0.9
62,74,0,0.9
62,78,0,0.9
62,80,0,0.9
62,84,0,0.9
62,86,0,0.9
62,88,0,0.9
62,90,0,0.9
62,94,0,0.9
62,95,0,0.9
62,96,0,0.9
62,97,0,0.9
62,98,0,0.9
62,101,0,0.9
62,102,0,0.9
62,104,0,0.9
62,105,0,0.9
62,107,0,0.9
62,108,0,0.9
62,111,0,0.9
62,116,0,0.9
62,117,0,0.9
62,122,0,0.9
62,124,0,0.9
62,125,0,0.9
63,65,0,0.9
63,66,0,0.9
63,70,0,0.9
63,74,0,0.9
63,78,0,0.9
63,80,0,0.9
63,84,0,0.9
63,86,0,0.9
63,88,0,0.9
63,90,0,0.9
63,94,0,0.9
63,95,0,0.9
63,96,0,0.9
63,97,0,0.9
63,98,0,0.9
63,101,0,0.9
63,102,0,0.9
63,104,0,0.9
63,105,0,0.9
63,107,0,0.9
63,108,0,0.9
63,111,0,0.9
63,116,0,0.9
63,117,0,0.9
63,122,0,0.9
63,124,0,0.9
63,125,0,0.9
65,66,0,0.9
65,70,0,0.9
65,74,0,0.9
65,78,0,0.9
65,80,0,0.9
65,81,0,0.9
65,84,0,0.9
65,86,0,0.9
65,87,0,0.9
65,88,0,0.9
65,89,0,0.9
65,90,0,0.9
65,94,0,0.9
65,95,0,0.9
65,96,0,0.9
65,97,0,0.9
65,98,0,0.9
65,101,0,0.9
65,102,0,0.9
65,104,0,0.9
65,105,0,0.9
65,106,0,0.9
65,107,0,0.9
65,108,0,0.9
65,111,0,0.9
65,116,0,0.9
65,117,0,0.9
65,122,0,0.9
65,124,0,0.9
65,125,0,0.9
66,70,0,0.9
66,74,0,0.9
66,78,0,0.9
66,80,0,0.9
66,81,0,0.9
66,84,0,0.9
66,86,0,0.9
66,87,0,0.9
66,88,0,0.9
66,89,0,0.9
66,90,0,0.9
66,94,0,0.9
66,95,0,0.9
66,96,0,0.9
66,97,0,0.9
66,98,0,0.9
66,101,0,0.9
66,102,0,0.9
66,104,0,0.9
66,105,0,0.9
66,106,0,0.9
66,107,0,0.9
66,108,0,0.9
66,111,0,0.9
66,116,0,0.9
66,117,0,0.9
66,122,0,0.9
66,124,0,0.9
66,125,0,0.9
70,74,0,0.9
70,78,0,0.9
70,80,0,0.9
70,81,0,0.9
70,84,0,0.9
70,86,0,0.9
70,87,0,0.9
70,88,0,0.9
70,89,0,0.9
70,90,0,0.9
70,94,0,0.9
70,95,0,0.9
70,96,0,0.9
70,97,0,0.9
70,98,0,0.9
70,101,0,0.9
70,102,0,0.9
70,104,0,0.9
70,105,0,0.9
70,106,0,0.9
70,107,0,0.9
70,108,0,0.9
70,111,0,0.9
70,116,0,0.9
70,117,0,0.9
70,122,0,0.9
70,124,0,0.9
70,125,0,0.9
74,78,0,0.9
74,80,0,0.9
74,84,0,0.9
74,86,0,0.9
74,87,0,0.9
74,88,0,0.9
74,89,0,0.9
74,90,0,0.9
74,94,0,0.9
74,95,0,0.9
74,96,0,0.9
74,97,0,0.9
74,98,0,0.9
74,101,0,0.9
74,102,0,0.9
74,104,0,0.9
74,105,0,0.9
74,107,0,0.9
74,108,0,0.9
74,111,0,0.9
74,116,0,0.9
74,117,0,0.9
74,122,0,0.9
74,124,0,0.9
74,125,0,0.9
78,80,0,0.9
78,84,0,0.9
78,86,0,0.9
78,87,0,0.9
78,88,0,0.9
78,89,0,0.9
78,90,0,0.9
78,94,0,0.9
78,95,0,0.9
78,96,0,0.9
78,97,0,0.9
78,98,0,0.9
78,101,0,0.9
78,102,0,0.9
78,104,0,0.9
78,105,0,0.9
78,107,0,0.9
78,108,0,0.9
78,111,0,0.9
78,116,0,0.9
78,117,0,0.9
78,122,0,0.9
78,124,0,0.9
78,125,0,0.9
80,84,0,0.9
80,86,0,0.9
80,88,0,0.9
80,90,0,0.9
80,94,0,0.9
80,95,0,0.9
80,96,0,0.9
80,97,0,0.9
80,98,0,0.9
80,101,0,0.9
80,102,0,0.9
80,104,0,0.9
80,105,0,0.9
80,107,0,0.9
80,108,0,0.9
80,111,0,0.9
80,116,0,0.9
80,117,0,0.9
80,122,0,0.9
80,124,0,0.9
80,125,0,0.9
81,84,0,0.9
81,97,0,0.9
81,104,0,0.9
81,106,0,0.9
81,116,0,0.9
84,86,0,0.9
84,88,0,0.9
84,90,0,0.9
84,94,0,0.9
84,95,0,0.9
84,96,0,0.9
84,97,0,0.9
84,98,0,0.9
84,101,0,0.9
84,102,0,0.9
84,104,0,0.9
84,105,0,0.9
84,106,0,0.9
84,107,0,0.9
84,108,0,0.9
84,111,0,0.9
84,116,0,0.9
84,117,0,0.9
84,122,0,0.9
84,124,0,0.9
84,125,0,0.9
86,88,0,0.9
86,90,0,0.9
86,94,0,0.9
86,95,0,0.9
86,96,0,0.9
86,97,0,0.9
86,98,0,0.9
86,101,0,0.9
86,102,0,0.9
86,104,0,0.9
86,105,0,0.9
86,107,0,0.9
86,108,0,0.9
86,111,0,0.9
86,116,0,0.9
86,117,0,0.9
86,122,0,0.9
86,124,0,0.9
86,125,0,0.9
87,89,0,0.9
87,97,0,0.9
87,104,0,0.9
87,116,0,0.9
88,90,0,0.9
88,94,0,0.9
88,95,0,0.9
88,96,0,0.9
88,97,0,0.9
88,98,0,0.9
88,101,0,0.9
88,102,0,0.9
88,104,0,0.9
88,105,0,0.9
88,107,0,0.9
88,108,0,0.9
88,111,0,0.9
88,116,0,0.9
88,117,0,0.9
88,122,0,0.9
88,124,0,0.9
88,125,0,0.9
89,97,0,0.9
89,104,0,0.9
89,116,0,0.9
90,94,0,0.9
90,95,0,0.9
90,96,0,0.9
90,97,0,0.9
90,98,0,0.9
90,101,0,0.9
90,102,0,0.9
90,104,0,0.9
90,105,0,0.9
90,107,0,0.9
90,108,0,0.9
90,111,0,0.9
90,116,0,0.9
90,117,0,0.9
90,122,0,0.9
90,124,0,0.9
90,125,0,0.9
94,95,0,0.9
94,96,0,0.9
94,97,0,0.9
94,98,0,0.9
94,101,0,0.9
94,102,0,0.9
94,104,0,0.9
94,105,0,0.9
94,107,0,0.9
94,108,0,0.9
94,111,0,0.9
94,116,0,0.9
94,117,0,0.9
94,122,0,0.9
94,124,0,0.9
94,125,0,0.9
95,96,0,0.9
95,97,0,0.9
95,98,0,0.9
95,101,0,0.9
95,102,0,0.9
95,104,0,0.9
95,105,0,0.9
95,107,0,0.9
95,108,0,0.9
95,111,0,0.9
95,116,0,0.9
95,117,0,0.9
95,122,0,0.9
95,124,0,0.9
95,125,0,0.9
96,97,0,0.9
96,98,0,0.9
96,101,0,0.9
96,102,0,0.9
96,104,0,0.9
96,105,0,0.9
96,107,0,0.9
96,108,0,0.9
96,111,0,0.9
96,116,0,0.9
96,117,0,0.9
96,122,0,0.9
96,124,0,0.9
96,125,0,0.9
97,98,0,0.9
97,101,0,0.9
97,102,0,0.9
97,104,0,0.9
97,105,0,0.9
97,106,0,0.9
97,107,0,0.9
97,108,0,0.9
97,111,0,0.9
97,116,0,0.9
97,117,0,0.9
97,122,0,0.9
97,124,0,0.9
97,125,0,0.9
98,101,0,0.9
98,102,0,0.9
98,104,0,0.9
98,105,0,0.9
98,107,0,0.9
98,108,0,0.9
98,111,0,0.9
98,116,0,0.9
98,117,0,0.9
98,122,0,0.9
98,124,0,0.9
98,125,0,0.9
101,102,0,0.9
101,104,0,0.9
101,105,0,0.9
101,107,0,0.9
101,108,0,0.9
101,111,0,0.9
101,116,0,0.9
101,117,0,0.9
101,122,0,0.9
101,124,0,0.9
101,125,0,0.9
102,104,0,0.9
102,105,0,0.9
102,107,0,0.9
102,108,0,0.9
102,111,0,0.9
102,116,0,0.9
102,117,0,0.9
102,122,0,0.9
102,124,0,0.9
102,125,0,0.9
104,105,0,0.9
104,106,0,0.9
104,107,0,0.9
104,108,0,0.9
104,111,0,0.9
104,116,0,0.9
104,117,0,0.9
104,122,0,0.9
104,124,0,0.9
104,125,0,0.9
105,107,0,0.9
105,108,0,0.9
105,111,0,0.9
105,116,0,0.9
105,117,0,0.9
105,122,0,0.9
105,124,0,0.9
105,125,0,0.9
106,116,0,0.9
107,108,0,0.9
107,111,0,0.9
107,116,0,0.9
107,117,0,0.9
107,122,0,0.9
107,124,0,0.9
107,125,0,0.9
108,111,0,0.9
108,116,0,0.9
108,117,0,0.9
108,122,0,0.9
108,124,0,0.9
108,125,0,0.9
111,116,0,0.9
111,117,0,0.9
111,122,0,0.9
111,124,0,0.9
111,125,0,0.9
116,117,0,0.9
116,122,0,0.9
116,124,0,0.9
116,125,0,0.9
117,122,0,0.9
117,124,0,0.9
117,125,0,0.9
122,124,0,0.9
122,125,0,0.9
124,125,0,0.9
2,8,1,0.9
2,17,1,0.9
2,19,1,0.9
2,20,1,0.9
2,36,1,0.9
2,65,1,0.9
2,66,1,0.9
2,70,1,0.9
2,78,1,0.9
2,84,1,0.9
2,94,1,0.9
2,96,1,0.9
2,104,1,0.9
2,111,1,0.9
2,116,1,0.9
2,125,1,0.9
3,9,1,0.9
3,10,1,0.9
3,17,1,0.9
3,19,1,0.9
3,20,1,0.9
3,58,1,0.9
3,65,1,0.9
3,66,1,0.9
3,70,1,0.9
3,74,1,0.9
3,78,1,0.9
3,84,1,0.9
3,86,1,0.9
3,94,1,0.9
3,97,1,0.9
3,101,1,0.9
3,104,1,0.9
3,105,1,0.9
3,107,1,0.9
3,111,1,0.9
3,116,1,0.9
3,117,1,0.9
3,124,1,0.9
5,19,1,0.9
5,32,1,0.9
5,35,1,0.9
5,66,1,0.9
5,70,1,0.9
5,104,1,0.9
5,116,1,0.9
8,19,1,0.9
8,36,1,0.9
8,66,1,0.9
8,70,1,0.9
8,84,1,0.9
8,104,1,0.9
8,116,1,0.9
9,17,1,0.9
9,19,1,0.9
9,20,1,0.9
9,58,1,0.9
9,65,1,0.9
9,66,1,0.9
9,70,1,0.7
9,84,1,0.9
9,104,1,0.9
9,105,1,0.9
9,111,1,0.9
9,116,1,0.9
10,17,1,0.9
10,19,1,0.9
10,20,1,0.9
10,56,1,0.9
10,65,1,0.9
10,66,1,0.9
10,70,1,0.9
10,84,1,0.9
10,95,1,0.9
10,97,1,0.9
10,102,1,0.9
10,104,1,0.9
10,105,1,0.9
10,111,1,0.9
10,116,1,0.9
10,117,1,0.9
10,124,1,0.9
11,13,1,0.9
11,19,1,0.9
11,41,1,0.9
11,44,1,0.9
11,66,1,0.9
11,70,1,0.9
11,97,1,0.9
11,104,1,0.9
11,116,1,0.7
13,15,1,0.9
13,17,1,0.9
13,19,1,0.9
13,20,1,0.9
13,41,1,0.9
13,44,1,0.9
13,58,1,0.9
13,63,1,0.9
13,65,1,0.9
13,66,1,0.9
13,70,1,0.9
13,96,1,0.9
13,97,1,0.9
13,104,1,0.9
13,116,1,0.9
13,124,1,0.9
14,17,1,0.9
14,19,1,0.9
14,20,1,0.9
14,36,1,0.9
14,51,1,0.9
14,57,1,0.9
14,65,1,0.9
14,66,1,0.9
14,90,1,0.9
14,97,1,0.9
14,98,1,0.9
14,104,1,0.9
14,116,1,0.9
14,124,1,0.9
15,17,1,0.9
15,19,1,0.9
15,55,1,0.9
15,65,1,0.9
15,70,1,0.9
15,116,1,0.9
15,124,1,0.9
16,17,1,0.9
16,66,1,0.9
16,70,1,0.9
16,104,1,0.9
17,19,1,0.9
17,20,1,0.9
17,35,1,0.9
17,36,1,0.9
17,44,1,0.9
17,47,1,0.9
17,51,1,0.9
17,57,1,0.9
17,58,1,0.9
17,62,1,0.9
17,65,1,0.9
17,66,1,0.9
17,70,1,0.9
17,74,1,0.9
17,78,1,0.9
17,84,1,0.9
17,86,1,0.9
17,87,1,0.9
17,89,1,0.9
17,90,1,0.9
17,96,1,0.9
17,97,1,0.9
17,98,1,0.9
17,101,1,0.9
17,102,1,0.9
17,104,1,0.9
17,105,1,0.9
17,107,1,0.9
17,111,1,0.9
17,116,1,0.9
17,117,1,0.9
17,124,1,0.9
19,20,1,0.9
19,25,1,0.9
19,32,1,0.9
19,35,1,0.9
19,36,1,0.9
19,41,1,0.9
19,44,1,0.9
19,47,1,0.9
19,51,1,0.9
19,55,1,0.9
19,56,1,0.9
19,57,1,0.9
19,58,1,0.9
19,62,1,0.9
19,63,1,0.9
19,65,1,0.9
19,66,1,0.9
19,70,1,0.9
19,74,1,0.9
19,78,1,0.9
19,80,1,0.9
19,84,1,0.9
19,86,1,0.9
19,87,1,0.9
19,89,1,0.9
19,90,1,0.9
19,94,1,0.9
19,96,1,0.9
19,97,1,0.9
19,98,1,0.9
19,101,1,0.9
19,102,1,0.9
19,104,1,0.9
19,105,1,0.9
19,107,1,0.9
19,111,1,0.9
19,116,1,0.9
19,117,1,0.9
19,124,1,0.9
19,125,1,0.9
20,25,1,0.9
20,32,1,0.9
20,35,1,0.9
20,36,1,0.9
20,44,1,0.9
20,47,1,0.9
20,51,1,0.9
20,56,1,0.9
20,57,1,0.9
20,58,1,0.9
20,62,1,0.9
20,63,1,0.9
20,65,1,0.9
20,66,1,0.9
20,70,1,0.9
20,78,1,0.9
20,80,1,0.9
20,84,1,0.9
20,86,1,0.9
20,87,1,0.9
20,89,1,0.9
20,90,1,0.9
20,94,1,0.9
20,96,1,0.9
20,97,1,0.9
20,98,1,0.9
20,102,1,0.9
20,104,1,0.9
20,105,1,0.9
20,111,1,0.9
20,116,1,0.9
20,117,1,0.9
20,124,1,0.9
25,65,1,0.9
25,66,1,0.9
25,70,1,0.9
25,86,1,0.9
25,97,1,0.9
25,104,1,0.9
25,116,1,0.9
25,122,1,0.7
27,66,1,0.7
27,106,1,0.7
27,122,1,0.9
32,35,1,0.9
32,66,1,0.9
32,70,1,0.9
32,94,1,0.9
32,95,1,0.9
32,104,1,0.9
32,116,1,0.9
35,56,1,0.9
35,65,1,0.9
35,66,1,0.9
35,70,1,0.9
35,97,1,0.9
35,104,1,0.9
35,116,1,0.9
35,124,1,0.9
36,47,1,0.9
36,51,1,0.9
36,56,1,0.9
36,57,1,0.9
36,58,1,0.9
36,62,1,0.9
36,65,1,0.9
36,66,1,0.9
36,70,1,0.9
36,74,1,0.9
36,78,1,0.9
36,84,1,0.9
36,86,1,0.9
36,87,1,0.9
36,89,1,0.9
36,90,1,0.9
36,97,1,0.9
36,98,1,0.9
36,101,1,0.7
36,104,1,0.9
36,111,1,0.9
36,116,1,0.9
36,124,1,0.9
41,44,1,0.9
41,47,1,0.9
41,65,1,0.9
41,66,1,0.9
41,70,1,0.9
41,78,1,0.9
41,86,1,0.9
41,97,1,0.9
41,104,1,0.9
41,116,1,0.9
41,125,1,0.9
44,58,1,0.9
44,63,1,0.9
44,65,1,0.9
44,66,1,0.9
44,70,1,0.9
44,97,1,0.9
44,104,1,0.9
44,116,1,0.9
44,124,1,0.9
47,65,1,0.9
47,66,1,0.9
47,70,1,0.9
47,74,1,0.9
47,78,1,0.9
47,86,1,0.9
47,87,1,0.9
47,89,1,0.9
47,97,1,0.9
47,104,1,0.9
47,116,1,0.9
47,125,1,0.9
51,57,1,0.9
51,65,1,0.9
51,66,1,0.9
51,90,1,0.9
51,97,1,0.9
51,98,1,0.9
51,116,1,0.9
51,124,1,0.9
55,70,1,0.9
55,81,1,0.9
56,65,1,0.9
56,66,1,0.9
56,70,1,0.9
56,84,1,0.9
56,95,1,0.9
56,97,1,0.9
56,102,1,0.9
56,104,1,0.9
56,105,1,0.9
56,116,1,0.9
56,124,1,0.9
57,65,1,0.9
57,66,1,0.9
57,70,1,0.9
57,90,1,0.9
57,97,1,0.9
57,98,1,0.9
57,102,1,0.9
57,104,1,0.9
57,116,1,0.9
57,124,1,0.9
58,62,1,0.9
58,63,1,0.9
58,65,1,0.9
58,66,1,0.9
58,70,1,0.9
58,84,1,0.9
58,97,1,0.9
58,104,1,0.9
58,105,1,0.9
58,111,1,0.9
58,116,1,0.9
58,124,1,0.9
62,65,1,0.9
62,66,1,0.9
62,70,1,0.9
62,84,1,0.9
62,97,1,0.9
62,104,1,0.9
62,116,1,0.9
63,66,1,0.9
63,70,1,0.9
63,97,1,0.9
63,104,1,0.9
63,116,1,0.9
63,124,1,0.9
65,66,1,0.9
65,70,1,0.9
65,74,1,0.9
65,78,1,0.9
65,80,1,0.9
65,84,1,0.9
65,86,1,0.9
65,87,1,0.9
65,89,1,0.9
65,90,1,0.9
65,94,1,0.9
65,95,1,0.9
65,96,1,0.9
65,97,1,0.9
65,98,1,0.9
65,101,1,0.9
65,102,1,0.9
65,104,1,0.9
65,105,1,0.9
65,107,1,0.9
65,111,1,0.9
65,116,1,0.9
65,117,1,0.9
65,124,1,0.9
65,125,1,0.9
66,70,1,0.9
66,74,1,0.9
66,78,1,0.9
66,80,1,0.9
66,84,1,0.9
66,86,1,0.9
66,87,1,0.9
66,89,1,0.9
66,90,1,0.9
66,94,1,0.9
66,95,1,0.9
66,96,1,0.9
66,97,1,0.9
66,98,1,0.9
66,101,1,0.9
66,102,1,0.9
66,104,1,0.9
66,105,1,0.9
66,107,1,0.9
66,111,1,0.9
66,116,1,0.9
66,117,1,0.9
66,124,1,0.9
66,125,1,0.9
70,74,1,0.9
70,78,1,0.9
70,80,1,0.9
70,84,1,0.9
70,86,1,0.9
70,87,1,0.9
70,89,1,0.9
70,95,1,0.9
70,96,1,0.9
70,97,1,0.9
70,101,1,0.9
70,102,1,0.9
70,104,1,0.9
70,105,1,0.9
70,107,1,0.9
70,111,1,0.9
70,116,1,0.9
70,117,1,0.9
70,124,1,0.9
70,125,1,0.9
74,78,1,0.9
74,84,1,0.9
74,86,1,0.9
74,87,1,0.9
74,89,1,0.9
74,97,1,0.9
74,101,1,0.9
74,104,1,0.9
74,107,1,0.9
74,116,1,0.9
78,84,1,0.9
78,86,1,0.9
78,87,1,0.9
78,89,1,0.9
78,97,1,0.9
78,101,1,0.9
78,104,1,0.9
78,107,1,0.9
78,116,1,0.9
78,117,1,0.9
78,125,1,0.9
80,97,1,0.9
80,104,1,0.9
80,116,1,0.9
84,86,1,0.9
84,95,1,0.9
84,97,1,0.9
84,101,1,0.9
84,102,1,0.9
84,104,1,0.9
84,105,1,0.9
84,107,1,0.9
84,111,1,0.9
84,116,1,0.9
86,87,1,0.9
86,89,1,0.9
86,97,1,0.9
86,101,1,0.9
86,104,1,0.9
86,107,1,0.9
86,116,1,0.9
86,125,1,0.9
87,89,1,0.9
87,97,1,0.9
87,104,1,0.9
87,116,1,0.9
89,97,1,0.9
89,104,1,0.9
89,116,1,0.9
90,97,1,0.9
90,98,1,0.9
90,116,1,0.9
90,124,1,0.9
94,104,1,0.9
94,116,1,0.9
94,122,1,0.7
95,102,1,0.9
95,105,1,0.9
96,97,1,0.9
96,104,1,0.9
96,116,1,0.9
97,98,1,0.9
97,101,1,0.9
97,102,1,0.9
97,104,1,0.9
97,107,1,0.9
97,111,1,0.9
97,116,1,0.9
97,117,1,0.9
97,124,1,0.9
98,116,1,0.9
98,124,1,0.9
101,104,1,0.9
101,107,1,0.9
101,116,1,0.9
101,124,1,0.7
102,104,1,0.9
102,105,1,0.9
102,116,1,0.9
104,105,1,0.9
104,107,1,0.9
104,111,1,0.9
104,116,1,0.9
104,117,1,0.9
104,124,1,0.9
104,125,1,0.9
105,111,1,0.9
105,116,1,0.9
107,116,1,0.9
111,116,1,0.9
111,117,1,0.9
111,124,1,0.9
116,117,1,0.9
116,124,1,0.9
116,125,1,0.9
117,124,1,0.9
9,2,2,0.9
10,2,2,0.9
11,2,2,0.9
17,2,2,0.9
19,2,2,0.9
20,2,2,0.9
36,2,2,0.9
56,2,2,0.9
62,2,2,0.9
65,2,2,0.9
66,2,2,0.9
70,2,2,0.9
78,2,2,0.9
84,2,2,0.9
90,2,2,0.9
96,2,2,0.9
97,2,2,0.9
104,2,2,0.9
111,2,2,0.9
116,2,2,0.9
124,2,2,0.9
125,2,2,0.9
56,3,2,0.9
111,3,2,0.7
11,9,2,0.9
19,9,2,0.9
20,9,2,0.9
66,9,2,0.9
70,9,2,0.9
96,9,2,0.9
104,9,2,0.9
111,9,2,0.9
15,10,2,0.9
17,10,2,0.9
19,10,2,0.9
56,10,2,0.9
65,10,2,0.9
66,10,2,0.9
70,10,2,0.9
84,10,2,0.9
104,10,2,0.9
105,10,2,0.9
116,10,2,0.9
13,11,2,0.9
17,11,2,0.9
19,11,2,0.9
20,11,2,0.9
25,11,2,0.9
36,11,2,0.9
41,11,2,0.9
44,11,2,0.9
65,11,2,0.9
66,11,2,0.9
70,11,2,0.9
81,11,2,0.9
84,11,2,0.9
96,11,2,0.9
97,11,2,0.9
104,11,2,0.9
106,11,2,0.9
111,11,2,0.9
116,11,2,0.9
117,11,2,0.9
125,11,2,0.9
19,13,2,0.9
41,13,2,0.9
44,13,2,0.9
66,13,2,0.9
70,13,2,0.9
97,13,2,0.9
104,13,2,0.9
116,13,2,0.9
125,13,2,0.9
19,15,2,0.9
55,15,2,0.9
56,15,2,0.9
66,15,2,0.9
70,15,2,0.9
84,15,2,0.9
97,15,2,0.9
104,15,2,0.9
105,15,2,0.9
108,15,2,0.9
116,15,2,0.9
122,15,2,0.9
125,15,2,0.9
17,16,2,0.9
66,16,2,0.9
70,16,2,0.9
104,16,2,0.9
19,17,2,0.9
20,17,2,0.9
25,17,2,0.9
36,17,2,0.9
41,17,2,0.9
56,17,2,0.9
62,17,2,0.9
65,17,2,0.9
66,17,2,0.9
70,17,2,0.9
84,17,2,0.9
86,17,2,0.9
90,17,2,0.9
97,17,2,0.9
104,17,2,0.9
116,17,2,0.9
117,17,2,0.9
125,17,2,0.9
20,19,2,0.9
25,19,2,0.9
36,19,2,0.9
41,19,2,0.9
44,19,2,0.9
47,19,2,0.9
55,19,2,0.9
56,19,2,0.9
62,19,2,0.9
65,19,2,0.9
66,19,2,0.9
70,19,2,0.9
78,19,2,0.9
81,19,2,0.9
84,19,2,0.9
86,19,2,0.9
90,19,2,0.9
91,19,2,0.9
96,19,2,0.9
97,19,2,0.9
104,19,2,0.9
105,19,2,0.9
106,19,2,0.9
108,19,2,0.9
111,19,2,0.9
116,19,2,0.9
117,19,2,0.9
122,19,2,0.9
124,19,2,0.9
125,19,2,0.9
25,20,2,0.9
36,20,2,0.9
56,20,2,0.9
65,20,2,0.9
66,20,2,0.9
70,20,2,0.9
78,20,2,0.9
84,20,2,0.9
86,20,2,0.9
96,20,2,0.9
97,20,2,0.9
104,20,2,0.9
111,20,2,0.9
116,20,2,0.9
117,20,2,0.9
124,20,2,0.9
36,25,2,0.9
66,25,2,0.9
70,25,2,0.9
81,25,2,0.9
84,25,2,0.9
97,25,2,0.9
104,25,2,0.9
106,25,2,0.9
116,25,2,0.9
62,36,2,0.9
65,36,2,0.9
66,36,2,0.9
70,36,2,0.9
84,36,2,0.9
86,36,2,0.9
97,36,2,0.9
104,36,2,0.9
116,36,2,0.9
117,36,2,0.9
44,41,2,0.9
47,41,2,0.9
65,41,2,0.9
66,41,2,0.9
70,41,2,0.9
78,41,2,0.9
86,41,2,0.9
97,41,2,0.9
104,41,2,0.9
116,41,2,0.9
124,41,2,0.9
125,41,2,0.9
65,44,2,0.9
66,44,2,0.9
70,44,2,0.9
97,44,2,0.9
104,44,2,0.9
116,44,2,0.9
124,44,2,0.9
125,44,2,0.9
65,47,2,0.9
66,47,2,0.9
70,47,2,0.9
78,47,2,0.9
86,47,2,0.9
104,47,2,0.9
116,47,2,0.9
125,47,2,0.9
66,55,2,0.9
70,55,2,0.9
97,55,2,0.9
104,55,2,0.9
108,55,2,0.9
116,55,2,0.9
122,55,2,0.9
125,55,2,0.9
65,56,2,0.9
66,56,2,0.9
70,56,2,0.9
78,56,2,0.9
84,56,2,0.9
86,56,2,0.9
104,56,2,0.9
105,56,2,0.9
111,56,2,0.9
116,56,2,0.9
124,56,2,0.7
66,62,2,0.9
70,62,2,0.9
104,62,2,0.9
116,62,2,0.9
66,65,2,0.9
70,65,2,0.9
78,65,2,0.9
84,65,2,0.9
86,65,2,0.9
96,65,2,0.9
97,65,2,0.9
104,65,2,0.9
116,65,2,0.9
117,65,2,0.9
124,65,2,0.9
125,65,2,0.9
70,66,2,0.9
78,66,2,0.9
81,66,2,0.9
84,66,2,0.9
86,66,2,0.9
90,66,2,0.9
96,66,2,0.9
97,66,2,0.9
104,66,2,0.9
105,66,2,0.9
106,66,2,0.9
108,66,2,0.9
111,66,2,0.9
116,66,2,0.9
117,66,2,0.9
122,66,2,0.9
124,66,2,0.9
125,66,2,0.9
78,70,2,0.9
84,70,2,0.9
86,70,2,0.9
96,70,2,0.9
97,70,2,0.9
104,70,2,0.9
105,70,2,0.9
108,70,2,0.9
111,70,2,0.9
116,70,2,0.9
117,70,2,0.9
122,70,2,0.9
124,70,2,0.9
125,70,2,0.9
84,78,2,0.9
86,78,2,0.9
104,78,2,0.9
116,78,2,0.9
117,78,2,0.9
125,78,2,0.9
84,81,2,0.9
97,81,2,0.9
104,81,2,0.9
106,81,2,0.9
116,81,2,0.9
86,84,2,0.9
97,84,2,0.9
104,84,2,0.9
105,84,2,0.9
106,84,2,0.9
116,84,2,0.9
97,86,2,0.9
104,86,2,0.9
116,86,2,0.9
125,86,2,0.9
97,90,2,0.9
104,90,2,0.9
116,90,2,0.9
104,96,2,0.9
111,96,2,0.9
116,96,2,0.9
104,97,2,0.9
106,97,2,0.9
108,97,2,0.9
116,97,2,0.9
122,97,2,0.9
125,97,2,0.9
106,104,2,0.9
108,104,2,0.9
111,104,2,0.9
116,104,2,0.9
117,104,2,0.9
122,104,2,0.9
125,104,2,0.9
116,106,2,0.9
116,108,2,0.9
122,108,2,0.9
125,108,2,0.9
117,116,2,0.9
122,116,2,0.9
124,116,2,0.9
125,116,2,0.9
125,122,2,0.9
125,124,2,0.9
56,3,6,0.9
19,13,6,0.9
20,13,6,0.9
44,13,6,0.9
58,13,6,0.9
63,13,6,0.9
66,13,6,0.9
70,13,6,0.9
104,13,6,0.9
124,13,6,0.9
19,17,6,0.9
20,17,6,0.7
58,17,6,0.9
62,17,6,0.7
65,17,6,0.7
66,17,6,0.9
70,17,6,0.9
84,17,6,0.9
97,17,6,0.7
104,17,6,0.9
116,17,6,0.9
20,19,6,0.9
44,19,6,0.9
58,19,6,0.9
62,19,6,0.9
63,19,6,0.9
65,19,6,0.7
66,19,6,0.9
70,19,6,0.9
84,19,6,0.9
97,19,6,0.7
104,19,6,0.9
116,19,6,0.9
124,19,6,0.9
44,20,6,0.9
58,20,6,0.9
62,20,6,0.7
63,20,6,0.9
66,20,6,0.9
70,20,6,0.9
84,20,6,0.7
97,20,6,0.7
104,20,6,0.9
116,20,6,0.9
124,20,6,0.9
58,44,6,0.9
63,44,6,0.9
66,44,6,0.9
70,44,6,0.9
104,44,6,0.9
124,44,6,0.9
62,58,6,0.9
63,58,6,0.9
65,58,6,0.7
66,58,6,0.9
70,58,6,0.9
84,58,6,0.9
95,58,6,0.5
96,58,6,0.9
97,58,6,0.7
102,58,6,0.7
104,58,6,0.9
116,58,6,0.9
117,58,6,0.7
124,58,6,0.9
65,62,6,0.7
66,62,6,0.7
70,62,6,0.9
84,62,6,0.7
97,62,6,0.7
104,62,6,0.7
116,62,6,0.7
124,62,6,0.7
66,63,6,0.9
70,63,6,0.9
104,63,6,0.9
124,63,6,0.9
66,65,6,0.7
70,65,6,0.7
84,65,6,0.7
97,65,6,0.7
104,65,6,0.7
116,65,6,0.7
70,66,6,0.9
84,66,6,0.9
97,66,6,0.7
104,66,6,0.9
116,66,6,0.9
124,66,6,0.9
84,70,6,0.9
97,70,6,0.7
104,70,6,0.9
116,70,6,0.9
124,70,6,0.9
97,84,6,0.7
104,84,6,0.7
116,84,6,0.9
104,97,6,0.7
116,97,6,0.7
116,104,6,0.9
124,104,6,0.9
15,2,9,0.7
19,2,9,0.7
20,2,9,0.9
32,2,9,0.7
44,2,9,0.7
58,2,9,0.7
66,2,9,0.7
70,2,9,0.7
78,2,9,0.7
81,2,9,0.7
86,2,9,0.7
87,2,9,0.7
89,2,9,0.7
91,2,9,0.7
96,2,9,0.7
97,2,9,0.7
105,2,9,0.7
106,2,9,0.7
111,2,9,0.7
116,2,9,0.7
124,2,9,0.7
10,3,9,0.7
56,3,9,0.7
20,9,9,0.7
105,13,9,0.9
19,15,9,0.7
20,15,9,0.7
32,15,9,0.7
44,15,9,0.7
55,15,9,0.9
58,15,9,0.7
66,15,9,0.7
70,15,9,0.7
78,15,9,0.7
81,15,9,0.7
86,15,9,0.7
87,15,9,0.7
89,15,9,0.7
91,15,9,0.7
97,15,9,0.7
105,15,9,0.7
106,15,9,0.7
111,15,9,0.7
116,15,9,0.7
88,16,9,0.9
65,17,9,0.7
70,17,9,0.9
20,19,9,0.7
32,19,9,0.7
44,19,9,0.7
58,19,9,0.9
62,19,9,0.9
66,19,9,0.7
70,19,9,0.9
78,19,9,0.7
81,19,9,0.7
86,19,9,0.7
87,19,9,0.7
89,19,9,0.7
91,19,9,0.7
97,19,9,0.7
105,19,9,0.7
106,19,9,0.7
111,19,9,0.7
116,19,9,0.9
32,20,9,0.7
44,20,9,0.7
56,20,9,0.7
58,20,9,0.7
66,20,9,0.7
70,20,9,0.7
78,20,9,0.7
81,20,9,0.7
86,20,9,0.7
87,20,9,0.7
89,20,9,0.7
91,20,9,0.7
97,20,9,0.7
105,20,9,0.7
106,20,9,0.7
111,20,9,0.7
116,20,9,0.7
124,20,9,0.9
66,25,9,0.9
81,25,9,0.9
106,25,9,0.9
35,32,9,0.9
44,32,9,0.7
58,32,9,0.7
66,32,9,0.7
70,32,9,0.7
78,32,9,0.7
81,32,9,0.7
86,32,9,0.7
87,32,9,0.7
89,32,9,0.7
91,32,9,0.7
97,32,9,0.7
105,32,9,0.7
106,32,9,0.7
111,32,9,0.7
116,32,9,0.7
44,35,9,0.7
74,36,9,0.7
78,36,9,0.7
84,36,9,0.7
97,36,9,0.9
125,41,9,0.9
58,44,9,0.7
66,44,9,0.7
70,44,9,0.7
78,44,9,0.7
81,44,9,0.7
86,44,9,0.7
87,44,9,0.7
89,44,9,0.7
91,44,9,0.7
96,44,9,0.7
97,44,9,0.7
105,44,9,0.7
106,44,9,0.7
111,44,9,0.7
116,44,9,0.7
74,47,9,0.7
78,47,9,0.7
87,47,9,0.7
89,47,9,0.7
111,56,9,0.9
124,56,9,0.9
62,58,9,0.9
66,58,9,0.7
70,58,9,0.9
78,58,9,0.7
81,58,9,0.7
84,58,9,0.7
86,58,9,0.7
87,58,9,0.7
89,58,9,0.7
91,58,9,0.7
97,58,9,0.7
105,58,9,0.7
106,58,9,0.7
111,58,9,0.7
116,58,9,0.7
117,58,9,0.7
70,62,9,0.9
86,65,9,0.9
116,65,9,0.7
70,66,9,0.7
78,66,9,0.7
81,66,9,0.9
86,66,9,0.7
87,66,9,0.7
89,66,9,0.7
91,66,9,0.7
97,66,9,0.7
105,66,9,0.7
106,66,9,0.9
111,66,9,0.7
116,66,9,0.7
78,70,9,0.7
81,70,9,0.7
86,70,9,0.7
87,70,9,0.7
89,70,9,0.7
91,70,9,0.7
97,70,9,0.7
105,70,9,0.7
106,70,9,0.7
111,70,9,0.7
116,70,9,0.7
78,74,9,0.9
87,74,9,0.9
89,74,9,0.7
81,78,9,0.7
86,78,9,0.7
87,78,9,0.9
89,78,9,0.7
91,78,9,0.7
97,78,9,0.7
105,78,9,0.7
106,78,9,0.7
111,78,9,0.7
116,78,9,0.7
86,81,9,0.7
87,81,9,0.7
89,81,9,0.7
91,81,9,0.7
97,81,9,0.7
105,81,9,0.7
106,81,9,0.7
111,81,9,0.7
116,81,9,0.7
97,84,9,0.7
87,86,9,0.7
89,86,9,0.7
91,86,9,0.7
97,86,9,0.7
105,86,9,0.7
106,86,9,0.7
111,86,9,0.7
116,86,9,0.7
89,87,9,0.7
91,87,9,0.7
97,87,9,0.7
105,87,9,0.7
106,87,9,0.7
111,87,9,0.7
116,87,9,0.7
91,89,9,0.7
97,89,9,0.7
105,89,9,0.7
106,89,9,0.7
111,89,9,0.7
116,89,9,0.7
97,91,9,0.7
105,91,9,0.7
106,91,9,0.7
111,91,9,0.7
116,91,9,0.7
122,94,9,0.7
105,95,9,0.7
97,96,9,0.9
105,97,9,0.7
106,97,9,0.7
111,97,9,0.7
116,97,9,0.7
106,105,9,0.7
111,105,9,0.7
116,105,9,0.7
111,106,9,0.7
116,106,9,0.7
116,111,9,0.7
9,2,5,0.9
11,2,5,0.9
19,2,5,0.9
20,2,5,0.9
32,2,5,0.9
35,2,5,0.9
36,2,5,0.9
65,2,5,0.9
66,2,5,0.9
70,2,5,0.9
96,2,5,0.9
97,2,5,0.7
104,2,5,0.9
111,2,5,0.9
116,2,5,0.9
5,3,5,0.7
10,3,5,0.7
11,9,5,0.9
19,9,5,0.9
20,9,5,0.9
66,9,5,0.9
70,9,5,0.9
96,9,5,0.9
104,9,5,0.9
111,9,5,0.9
56,10,5,0.9
19,11,5,0.9
20,11,5,0.9
25,11,5,0.9
66,11,5,0.9
70,11,5,0.9
84,11,5,0.9
96,11,5,0.9
97,11,5,0.9
101,11,5,0.9
104,11,5,0.9
111,11,5,0.9
46,12,5,0.7
17,13,5,0.9
19,13,5,0.9
20,13,5,0.9
44,13,5,0.9
58,13,5,0.9
63,13,5,0.9
65,13,5,0.9
66,13,5,0.9
70,13,5,0.9
104,13,5,0.9
116,13,5,0.9
124,13,5,0.9
88,16,5,0.7
19,17,5,0.9
20,17,5,0.9
36,17,5,0.9
58,17,5,0.9
62,17,5,0.9
65,17,5,0.9
66,17,5,0.9
70,17,5,0.9
84,17,5,0.9
97,17,5,0.9
104,17,5,0.9
116,17,5,0.9
124,17,5,0.9
20,19,5,0.9
25,19,5,0.9
32,19,5,0.9
35,19,5,0.9
36,19,5,0.9
44,19,5,0.9
47,19,5,0.9
58,19,5,0.9
62,19,5,0.9
63,19,5,0.9
65,19,5,0.9
66,19,5,0.9
70,19,5,0.9
78,19,5,0.9
84,19,5,0.9
86,19,5,0.9
87,19,5,0.9
89,19,5,0.9
96,19,5,0.9
97,19,5,0.9
101,19,5,0.9
104,19,5,0.9
111,19,5,0.9
116,19,5,0.9
117,19,5,0.9
124,19,5,0.9
36,20,5,0.9
44,20,5,0.9
47,20,5,0.9
58,20,5,0.9
63,20,5,0.9
65,20,5,0.9
66,20,5,0.9
70,20,5,0.9
78,20,5,0.9
86,20,5,0.9
87,20,5,0.9
89,20,5,0.9
96,20,5,0.9
97,20,5,0.9
104,20,5,0.9
111,20,5,0.9
116,20,5,0.9
124,20,5,0.9
66,25,5,0.9
70,25,5,0.9
84,25,5,0.9
97,25,5,0.9
101,25,5,0.9
35,32,5,0.9
66,32,5,0.9
70,32,5,0.9
96,32,5,0.9
44,35,5,0.7
66,35,5,0.9
70,35,5,0.9
96,35,5,0.9
62,36,5,0.9
65,36,5,0.9
66,36,5,0.9
70,36,5,0.9
84,36,5,0.9
97,36,5,0.9
104,36,5,0.9
116,36,5,0.9
125,41,5,0.9
58,44,5,0.9
63,44,5,0.9
66,44,5,0.9
70,44,5,0.9
104,44,5,0.9
111,44,5,0.7
124,44,5,0.9
65,47,5,0.9
66,47,5,0.9
70,47,5,0.9
78,47,5,0.9
86,47,5,0.9
87,47,5,0.9
89,47,5,0.9
104,47,5,0.9
116,47,5,0.9
111,56,5,0.9
63,58,5,0.9
65,58,5,0.9
66,58,5,0.9
70,58,5,0.9
80,58,5,0.5
84,58,5,0.9
97,58,5,0.9
104,58,5,0.9
116,58,5,0.9
124,58,5,0.9
65,62,5,0.9
66,62,5,0.9
70,62,5,0.9
84,62,5,0.9
104,62,5,0.9
116,62,5,0.9
117,62,5,0.9
66,63,5,0.9
70,63,5,0.9
97,63,5,0.9
104,63,5,0.9
124,63,5,0.9
66,65,5,0.9
70,65,5,0.9
78,65,5,0.9
84,65,5,0.9
86,65,5,0.9
87,65,5,0.9
89,65,5,0.9
97,65,5,0.9
104,65,5,0.9
116,65,5,0.9
117,65,5,0.9
124,65,5,0.9
70,66,5,0.9
78,66,5,0.9
84,66,5,0.9
86,66,5,0.9
87,66,5,0.9
89,66,5,0.9
91,66,5,0.7
96,66,5,0.9
97,66,5,0.9
101,66,5,0.9
104,66,5,0.9
111,66,5,0.9
116,66,5,0.9
117,66,5,0.9
124,66,5,0.9
78,70,5,0.9
84,70,5,0.9
86,70,5,0.9
87,70,5,0.9
89,70,5,0.9
94,70,5,0.5
96,70,5,0.9
97,70,5,0.9
101,70,5,0.9
104,70,5,0.9
111,70,5,0.9
116,70,5,0.9
117,70,5,0.9
124,70,5,0.9
78,74,5,0.9
87,74,5,0.9
86,78,5,0.9
87,78,5,0.9
89,78,5,0.9
104,78,5,0.9
116,78,5,0.9
97,84,5,0.9
101,84,5,0.9
104,84,5,0.9
116,84,5,0.9
117,84,5,0.9
87,86,5,0.9
89,86,5,0.9
104,86,5,0.9
116,86,5,0.9
89,87,5,0.9
104,87,5,0.9
116,87,5,0.9
104,89,5,0.9
116,89,5,0.9
105,95,5,0.7
104,96,5,0.9
111,96,5,0.9
101,97,5,0.9
104,97,5,0.9
111,97,5,0.7
116,97,5,0.9
124,97,5,0.9
111,104,5,0.9
116,104,5,0.9
117,104,5,0.9
124,104,5,0.9
117,116,5,0.9
124,116,5,0.9
8,2,1,0.9
17,2,1,0.9
19,2,1,0.9
20,2,1,0.9
36,2,1,0.9
65,2,1,0.9
66,2,1,0.9
70,2,1,0.9
78,2,1,0.9
84,2,1,0.9
94,2,1,0.9
96,2,1,0.9
104,2,1,0.9
111,2,1,0.9
116,2,1,0.9
125,2,1,0.9
9,3,1,0.9
10,3,1,0.9
17,3,1,0.9
19,3,1,0.9
20,3,1,0.9
58,3,1,0.9
65,3,1,0.9
66,3,1,0.9
70,3,1,0.9
74,3,1,0.9
78,3,1,0.9
84,3,1,0.9
86,3,1,0.9
94,3,1,0.9
97,3,1,0.9
101,3,1,0.9
104,3,1,0.9
105,3,1,0.9
107,3,1,0.9
111,3,1,0.9
116,3,1,0.9
117,3,1,0.9
124,3,1,0.9
19,5,1,0.9
32,5,1,0.9
35,5,1,0.9
66,5,1,0.9
70,5,1,0.9
104,5,1,0.9
116,5,1,0.9
19,8,1,0.9
36,8,1,0.9
66,8,1,0.9
70,8,1,0.9
84,8,1,0.9
104,8,1,0.9
116,8,1,0.9
17,9,1,0.9
19,9,1,0.9
20,9,1,0.9
58,9,1,0.9
65,9,1,0.9
66,9,1,0.9
70,9,1,0.7
84,9,1,0.9
104,9,1,0.9
105,9,1,0.9
111,9,1,0.9
116,9,1,0.9
17,10,1,0.9
19,10,1,0.9
20,10,1,0.9
56,10,1,0.9
65,10,1,0.9
66,10,1,0.9
70,10,1,0.9
84,10,1,0.9
95,10,1,0.9
97,10,1,0.9
102,10,1,0.9
104,10,1,0.9
105,10,1,0.9
111,10,1,0.9
116,10,1,0.9
117,10,1,0.9
124,10,1,0.9
13,11,1,0.9
19,11,1,0.9
41,11,1,0.9
44,11,1,0.9
66,11,1,0.9
70,11,1,0.9
97,11,1,0.9
104,11,1,0.9
116,11,1,0.7
15,13,1,0.9
17,13,1,0.9
19,13,1,0.9
20,13,1,0.9
41,13,1,0.9
44,13,1,0.9
58,13,1,0.9
63,13,1,0.9
65,13,1,0.9
66,13,1,0.9
70,13,1,0.9
96,13,1,0.9
97,13,1,0.9
104,13,1,0.9
116,13,1,0.9
124,13,1,0.9
17,14,1,0.9
19,14,1,0.9
20,14,1,0.9
36,14,1,0.9
51,14,1,0.9
57,14,1,0.9
65,14,1,0.9
66,14,1,0.9
90,14,1,0.9
97,14,1,0.9
98,14,1,0.9
104,14,1,0.9
116,14,1,0.9
124,14,1,0.9
17,15,1,0.9
19,15,1,0.9
55,15,1,0.9
65,15,1,0.9
70,15,1,0.9
116,15,1,0.9
124,15,1,0.9
17,16,1,0.9
66,16,1,0.9
70,16,1,0.9
104,16,1,0.9
19,17,1,0.9
20,17,1,0.9
35,17,1,0.9
36,17,1,0.9
44,17,1,0.9
47,17,1,0.9
51,17,1,0.9
57,17,1,0.9
58,17,1,0.9
62,17,1,0.9
65,17,1,0.9
66,17,1,0.9
70,17,1,0.9
74,17,1,0.9
78,17,1,0.9
84,17,1,0.9
86,17,1,0.9
87,17,1,0.9
89,17,1,0.9
90,17,1,0.9
96,17,1,0.9
97,17,1,0.9
98,17,1,0.9
101,17,1,0.9
102,17,1,0.9
104,17,1,0.9
105,17,1,0.9
107,17,1,0.9
111,17,1,0.9
116,17,1,0.9
117,17,1,0.9
124,17,1,0.9
20,19,1,0.9
25,19,1,0.9
32,19,1,0.9
35,19,1,0.9
36,19,1,0.9
41,19,1,0.9
44,19,1,0.9
47,19,1,0.9
51,19,1,0.9
55,19,1,0.9
56,19,1,0.9
57,19,1,0.9
58,19,1,0.9
62,19,1,0.9
63,19,1,0.9
65,19,1,0.9
66,19,1,0.9
70,19,1,0.9
74,19,1,0.9
78,19,1,0.9
80,19,1,0.9
84,19,1,0.9
86,19,1,0.9
87,19,1,0.9
89,19,1,0.9
90,19,1,0.9
94,19,1,0.9
96,19,1,0.9
97,19,1,0.9
98,19,1,0.9
101,19,1,0.9
102,19,1,0.9
104,19,1,0.9
105,19,1,0.9
107,19,1,0.9
111,19,1,0.9
116,19,1,0.9
117,19,1,0.9
124,19,1,0.9
125,19,1,0.9
25,20,1,0.9
32,20,1,0.9
35,20,1,0.9
36,20,1,0.9
44,20,1,0.9
47,20,1,0.9
51,20,1,0.9
56,20,1,0.9
57,20,1,0.9
58,20,1,0.9
62,20,1,0.9
63,20,1,0.9
65,20,1,0.9
66,20,1,0.9
70,20,1,0.9
78,20,1,0.9
80,20,1,0.9
84,20,1,0.9
86,20,1,0.9
87,20,1,0.9
89,20,1,0.9
90,20,1,0.9
94,20,1,0.9
96,20,1,0.9
97,20,1,0.9
98,20,1,0.9
102,20,1,0.9
104,20,1,0.9
105,20,1,0.9
111,20,1,0.9
116,20,1,0.9
117,20,1,0.9
124,20,1,0.9
65,25,1,0.9
66,25,1,0.9
70,25,1,0.9
86,25,1,0.9
97,25,1,0.9
104,25,1,0.9
116,25,1,0.9
122,25,1,0.7
66,27,1,0.7
106,27,1,0.7
122,27,1,0.9
35,32,1,0.9
66,32,1,0.9
70,32,1,0.9
94,32,1,0.9
95,32,1,0.9
104,32,1,0.9
116,32,1,0.9
56,35,1,0.9
65,35,1,0.9
66,35,1,0.9
70,35,1,0.9
97,35,1,0.9
104,35,1,0.9
116,35,1,0.9
124,35,1,0.9
47,36,1,0.9
51,36,1,0.9
56,36,1,0.9
57,36,1,0.9
58,36,1,0.9
62,36,1,0.9
65,36,1,0.9
66,36,1,0.9
70,36,1,0.9
74,36,1,0.9
78,36,1,0.9
84,36,1,0.9
86,36,1,0.9
87,36,1,0.9
89,36,1,0.9
90,36,1,0.9
97,36,1,0.9
98,36,1,0.9
101,36,1,0.7
104,36,1,0.9
111,36,1,0.9
116,36,1,0.9
124,36,1,0.9
44,41,1,0.9
47,41,1,0.9
65,41,1,0.9
66,41,1,0.9
70,41,1,0.9
78,41,1,0.9
86,41,1,0.9
97,41,1,0.9
104,41,1,0.9
116,41,1,0.9
125,41,1,0.9
58,44,1,0.9
63,44,1,0.9
65,44,1,0.9
66,44,1,0.9
70,44,1,0.9
97,44,1,0.9
104,44,1,0.9
116,44,1,0.9
124,44,1,0.9
65,47,1,0.9
66,47,1,0.9
70,47,1,0.9
74,47,1,0.9
78,47,1,0.9
86,47,1,0.9
87,47,1,0.9
89,47,1,0.9
97,47,1,0.9
104,47,1,0.9
116,47,1,0.9
125,47,1,0.9
57,51,1,0.9
65,51,1,0.9
66,51,1,0.9
90,51,1,0.9
97,51,1,0.9
98,51,1,0.9
116,51,1,0.9
124,51,1,0.9
70,55,1,0.9
81,55,1,0.9
65,56,1,0.9
66,56,1,0.9
70,56,1,0.9
84,56,1,0.9
95,56,1,0.9
97,56,1,0.9
102,56,1,0.9
104,56,1,0.9
105,56,1,0.9
116,56,1,0.9
124,56,1,0.9
65,57,1,0.9
66,57,1,0.9
70,57,1,0.9
90,57,1,0.9
97,57,1,0.9
98,57,1,0.9
102,57,1,0.9
104,57,1,0.9
116,57,1,0.9
124,57,1,0.9
62,58,1,0.9
63,58,1,0.9
65,58,1,0.9
66,58,1,0.9
70,58,1,0.9
84,58,1,0.9
97,58,1,0.9
104,58,1,0.9
105,58,1,0.9
111,58,1,0.9
116,58,1,0.9
124,58,1,0.9
65,62,1,0.9
66,62,1,0.9
70,62,1,0.9
84,62,1,0.9
97,62,1,0.9
104,62,1,0.9
116,62,1,0.9
66,63,1,0.9
70,63,1,0.9
97,63,1,0.9
104,63,1,0.9
116,63,1,0.9
124,63,1,0.9
66,65,1,0.9
70,65,1,0.9
74,65,1,0.9
78,65,1,0.9
80,65,1,0.9
84,65,1,0.9
86,65,1,0.9
87,65,1,0.9
89,65,1,0.9
90,65,1,0.9
94,65,1,0.9
95,65,1,0.9
96,65,1,0.9
97,65,1,0.9
98,65,1,0.9
101,65,1,0.9
102,65,1,0.9
104,65,1,0.9
105,65,1,0.9
107,65,1,0.9
111,65,1,0.9
116,65,1,0.9
117,65,1,0.9
124,65,1,0.9
125,65,1,0.9
70,66,1,0.9
74,66,1,0.9
78,66,1,0.9
80,66,1,0.9
84,66,1,0.9
86,66,1,0.9
87,66,1,0.9
89,66,1,0.9
90,66,1,0.9
94,66,1,0.9
95,66,1,0.9
96,66,1,0.9
97,66,1,0.9
98,66,1,0.9
101,66,1,0.9
102,66,1,0.9
104,66,1,0.9
105,66,1,0.9
107,66,1,0.9
111,66,1,0.9
116,66,1,0.9
117,66,1,0.9
124,66,1,0.9
125,66,1,0.9
74,70,1,0.9
78,70,1,0.9
80,70,1,0.9
84,70,1,0.9
86,70,1,0.9
87,70,1,0.9
89,70,1,0.9
95,70,1,0.9
96,70,1,0.9
97,70,1,0.9
101,70,1,0.9
102,70,1,0.9
104,70,1,0.9
105,70,1,0.9
107,70,1,0.9
111,70,1,0.9
116,70,1,0.9
117,70,1,0.9
124,70,1,0.9
125,70,1,0.9
78,74,1,0.9
84,74,1,0.9
86,74,1,0.9
87,74,1,0.9
89,74,1,0.9
97,74,1,0.9
101,74,1,0.9
104,74,1,0.9
107,74,1,0.9
116,74,1,0.9
84,78,1,0.9
86,78,1,0.9
87,78,1,0.9
89,78,1,0.9
97,78,1,0.9
101,78,1,0.9
104,78,1,0.9
107,78,1,0.9
116,78,1,0.9
117,78,1,0.9
125,78,1,0.9
97,80,1,0.9
104,80,1,0.9
116,80,1,0.9
86,84,1,0.9
95,84,1,0.9
97,84,1,0.9
101,84,1,0.9
102,84,1,0.9
104,84,1,0.9
105,84,1,0.9
107,84,1,0.9
111,84,1,0.9
116,84,1,0.9
87,86,1,0.9
89,86,1,0.9
97,86,1,0.9
101,86,1,0.9
104,86,1,0.9
107,86,1,0.9
116,86,1,0.9
125,86,1,0.9
89,87,1,0.9
97,87,1,0.9
104,87,1,0.9
116,87,1,0.9
97,89,1,0.9
104,89,1,0.9
116,89,1,0.9
97,90,1,0.9
98,90,1,0.9
116,90,1,0.9
124,90,1,0.9
104,94,1,0.9
116,94,1,0.9
122,94,1,0.7
102,95,1,0.9
105,95,1,0.9
97,96,1,0.9
104,96,1,0.9
116,96,1,0.9
98,97,1,0.9
101,97,1,0.9
102,97,1,0.9
104,97,1,0.9
107,97,1,0.9
111,97,1,0.9
116,97,1,0.9
117,97,1,0.9
124,97,1,0.9
116,98,1,0.9
124,98,1,0.9
104,101,1,0.9
107,101,1,0.9
116,101,1,0.9
124,101,1,0.7
104,102,1,0.9
105,102,1,0.9
116,102,1,0.9
105,104,1,0.9
107,104,1,0.9
111,104,1,0.9
116,104,1,0.9
117,104,1,0.9
124,104,1,0.9
125,104,1,0.9
111,105,1,0.9
116,105,1,0.9
116,107,1,0.9
116,111,1,0.9
117,111,1,0.9
124,111,1,0.9
117,116,1,0.9
124,116,1,0.9
125,116,1,0.9
124,117,1,0.9
